NC Object Id,Promo name,Billing Offer Id,Status,OPTIK TV Tax Included Offer,Promo Categories,,,
9162796246682662086,Retention 2.0: HP LD Credit 12 MO (Unlimited World 60 Long Distance) - $10,40870261,Active,N,[NULL],,,
9164783177314235043,Retention 2.0: TTV Credit 24 MO - $5,40760821,Active,Y,[NULL],,,
9163410821067963319,Service Agreement on High Speed,40786771,Active,N,Discounts,,,
9162610807525427147,Service Agreement on TELUS TV,40786761,Active,Y,Discounts,,,
9163030331266415131,$10 Off Internet for 24 Months,40761451,Active,N,Discounts,,,
9163030499396653779,$10 Off Internet for 24 Months,40761451,Active,N,Discounts,,,
9164433639893595590,$10 Off Internet for 24 Months,40761451,Active,N,Discounts,,,
9163030499813769045,$10 Off Optik TV for 24 Months,40760871,Active,Y,Discounts,,,
9164957603973320280,$10 Off Pik Max for 24 Months,41008081,Active,Y,Discounts,,,
9164775176394855277,$10 Off TOS Ultimate for 12 Months,41127291,Active,N,Discounts,,,
9164775677653693267,$10 Off TOS Ultimate for 24 Months,41127321,Active,N,Discounts,,,
9161940653197782379,$100 Internet One Time Credit,40884101,Active,N,Discounts,,,
9162607584202256040,$100 Off Internet (One-Time Credit),40884101,Active,N,Discounts,,,
9162848222183813621,$100 Off Monitored plans  (One Time Credit),41178071,Active,N,Discounts,,,
9164242065757077264,$100 Off Optik TV (One-time Credit),40883511,Active,Y,Discounts,,,
9164309042579777651,$100 Off Optik TV (One-time Credit),40883511,Active,Y,Discounts,,,
9164491240758317025,$100 Off Optik TV (One-time Credit),40883511,Active,Y,Discounts,,,
9164498270593317055,$100 Off Optik TV (One-time Credit),40883511,Active,Y,Discounts,,,
9164602790034317396,$100 Off SmartHome Security (One Time Credit),41178071,Active,N,Discounts,,,
9163262016790813470,$100 Off SmartHome Security (One Time Credit),41200441,Active,N,Discounts,,,
9163262088736648824,$100 Off SmartHome Security (One Time Credit),41200441,Active,N,Discounts,,,
9163270797922059643,$100 Off SmartHome Security (One Time Credit),41200441,Active,N,Discounts,,,
9163402281095963296,$100 Off SmartHome Security (One Time Credit),41200441,Active,N,Discounts,,,
9163402281201963299,$100 Off SmartHome Security (One Time Credit),41200441,Active,N,Discounts,,,
9163462538794819413,$100 Off SmartHome Security (One Time Credit),41200441,Active,N,Discounts,,,
9163808321697015472,$100 Off SmartHome Security (One Time Credit),41200441,Active,N,Discounts,,,
9163237254127648806,$100 Off on SHS - Referrals program (One Time Credit),41200441,Active,N,Discounts,,,
9159829207813575709,$100 off SmartHome Security - One Time Credit,41133111,Active,N,Discounts,,,
9163348252863699876,$100 one-time discount on monitored plans - SmartHome Security,41178071,Active,N,Discounts,,,
9163418075010203788,$100 one-time discount on monitored plans - SmartHome Security,41178071,Active,N,Discounts,,,
9161171393313681619,$150 Internet One Time Credit,40884111,Active,N,Discounts,,,
9161940775008976769,$150 Off Internet (One-Time Credit),40884111,Active,N,Discounts,,,
9162615558349256054,$150 Off Internet (One-Time Credit),40884111,Active,N,Discounts,,,
9162615597433739407,$150 Off Optik TV (One-Time Credit),40883551,Active,Y,Discounts,,,
9164602806206174751,$150 Off SmartHome Security (One Time Credit),41178281,Active,N,Discounts,,,
9163348207296699870,$150 Off monitored plans (One Time Credit),41178281,Active,N,Discounts,,,
9163451617358819378,$150 Off on Smart Automation Plus Plan (One Time Credit),41178281,Active,N,Discounts,,,
9161171348013609890,$150 Optik TV One Time Credit,40883551,Active,Y,Discounts,,,
9163417900221137086,$150 off SmartHome Security with DuProprio (One Time Credit),41178281,Active,N,Discounts,,,
9163445038385709609,$150 off SmartHome Security with DuProprio (One Time Credit),41178281,Active,N,Discounts,,,
9161171432913738091,$200 Internet One-Time Credit,40884121,Active,N,Discounts,,,
9162615511038739404,$200 Off Internet (One-Time Credit),40884121,Active,N,Discounts,,,
9161776951687502399,$200 Off Optik TV (One-Time Credit),40883591,Active,Y,Discounts,,,
9163175430379812996,$200 Off Smarthome Security (One Time Credit),41178291,Active,N,Discounts,,,
9163177787581646770,$200 Off Smarthome Security (One Time Credit),41178291,Active,N,Discounts,,,
9163221187494625448,$30 Off Pik TV (One-Time Credit),41119127,Active,Y,Discounts,,,
9163687424489645218,$30 Off Pik TV (One-Time Credit),41119127,Active,Y,Discounts,,,
9163687966843645232,$30 Off Pik TV (One-Time Credit),41119127,Active,Y,Discounts,,,
9163688061908645244,$30 Off Pik TV (One-Time Credit),41119127,Active,Y,Discounts,,,
9163694215164645259,$30 Off Pik TV (One-Time Credit),41119127,Active,Y,Discounts,,,
9163694291539622574,$30 Off Pik TV (One-Time Credit),41119127,Active,Y,Discounts,,,
9163694452526824567,$30 Off Pik TV (One-Time Credit),41119127,Active,Y,Discounts,,,
9163694641115645269,$30 Off Pik TV (One-Time Credit),41119127,Active,Y,Discounts,,,
9163807344385232903,$30 Off Pik TV (One-Time Credit),41119127,Active,Y,Discounts,,,
9163807447388015450,$30 Off Pik TV (One-Time Credit),41119127,Active,Y,Discounts,,,
9163807497639970831,$30 Off Pik TV (One-Time Credit),41119127,Active,Y,Discounts,,,
9163807601461232920,$30 Off Pik TV (One-Time Credit),41119127,Active,Y,Discounts,,,
9163807674986970851,$30 Off Pik TV (One-Time Credit),41119127,Active,Y,Discounts,,,
9163807737435232935,$30 Off Pik TV (One-Time Credit),41119127,Active,Y,Discounts,,,
9163530483411203292,$300 Off Smarthome Security (One Time Credit),41202711,Active,N,Discounts,,,
9162683653854158039,$4 Off TELUS Online Security for 12 Months,41127271,Active,N,Discounts,,,
9162720101531155133,$4 Off TELUS Online Security for 12 Months,41127271,Active,N,Discounts,,,
9162683676955158045,$4 Off TELUS Online Security for 24 Months,41127301,Active,N,Discounts,,,
9162720037043786416,$4 Off TELUS Online Security for 24 Months,41127301,Active,N,Discounts,,,
9164775724968235000,$4 Off TOS Standard for 12 Months,41127271,Active,N,Discounts,,,
9164775821577235006,$4 Off TOS Standard for 24 Months,41127301,Active,N,Discounts,,,
9164921245828890985,$5 Off Internet for 24 Months,40761321,Active,N,Discounts,,,
9164921610078890988,$5 Off Internet for 24 Months,40761321,Active,N,Discounts,,,
9164930482164320263,$5 Off Internet for 24 Months,40761321,Active,N,Discounts,,,
9164921610457303457,$5 Off Optik TV for 24 Months,40760821,Active,Y,Value Based Stackability Discounts,,,
9164930482568891015,$5 Off Optik TV for 24 Months,40760821,Active,Y,Value Based Stackability Discounts,,,
9164775776563693271,$5 Off TOS Complete for 12 Months,41127281,Active,N,Discounts,,,
9164783275123235045,$5 Off TOS Complete for 12 Months,41127281,Active,N,Discounts,,,
9164775845837693278,$5 Off TOS Complete for 24 Months,41127311,Active,N,Discounts,,,
9164783314256855337,$5 Off TOS Complete for 24 Months,41127311,Active,N,Discounts,,,
9164362304922967455,$50 Internet (One Time Credit),41079701,Active,N,[NULL],,,
9164362361837181068,$50 Internet (One Time Credit),41079701,Active,N,Discounts,,,
9163581772599231197,$50 Off Home Phone (One-Time Credit),40641251,Active,N,Discounts,,,
9163590958994744531,$50 Off Home Phone (One-Time Credit),40641251,Active,N,Discounts,,,
9162752730656155379,$50 Off Home Security (One Time Credit),41178061,Active,N,Discounts,,,
9159477479113115937,$50 Off Internet (One Time Credit),40883941,Active,N,Discounts,,,
9159591399413748656,$50 Off Internet (One Time Credit),40883941,Active,N,Discounts,,,
9159832790513019843,$50 Off Internet (One Time Credit),40883941,Active,N,Discounts,,,
9162796105717685268,$50 Off Internet (One-Time Credit),40883711,Active,N,Discounts,,,
9164722552392653940,$50 Off Internet (One-Time Credit),40883941,Active,N,Discounts,,,
9163573325904744482,$50 Off Internet (One-Time Credit),41112471,Active,Y,Discounts,,,
9163642091140824412,$50 Off Internet (One-Time Credit),41112471,Active,Y,Discounts,,,
9163107787077578053,$50 Off SmartHome Security (One Time Credit),41178061,Active,N,Discounts,,,
9163988515292886697,$50 Off SmartHome Security (One Time Credit),41178061,Active,N,Discounts,,,
9164369984518181084,$50 Off SmartHome Security (One Time Credit),41178061,Active,N,Discounts,,,
9164567972042675101,$50 Off SmartHome Security (One Time Credit),41178061,Active,N,Discounts,,,
9164620325088317553,$50 Off SmartHome Security (One Time Credit),41178061,Active,N,Discounts,,,
9164721614932777710,$50 Off SmartHome Security (One Time Credit),41178061,Active,N,Discounts,,,
9164740067049234863,$50 Off SmartHome Security (One Time Credit),41178061,Active,N,Discounts,,,
9164793065004693349,$50 Off SmartHome Security (One Time Credit),41178061,Active,N,Discounts,,,
9163418785586203795,$50 Off SmartHome Security (One Time Credit),41200301,Active,N,Discounts,,,
9163418785833203798,$50 Off SmartHome Security (One Time Credit),41200301,Active,N,Discounts,,,
9163462567385807055,$50 Off SmartHome Security (One Time Credit),41200301,Active,N,Discounts,,,
9163693615428824541,$50 Off SmartHome Security (One Time Credit),41200301,Active,N,Discounts,,,
9163175368285625217,$50 Off Smarthome Security (One Time Credit),41178061,Active,N,Discounts,,,
9163228488247813432,$50 Off Smarthome Security (One Time Credit),41178061,Active,N,Discounts,,,
9163270943766059647,$50 Off Smarthome Security (One Time Credit),41178061,Active,N,Discounts,,,
9164324940784180978,$50 Off Smarthome Security (One Time Credit),41178061,Active,N,Discounts,,,
9164325826116967384,$50 Off Smarthome Security (One Time Credit),41178061,Active,N,Discounts,,,
9164360046737967443,$50 Off Smarthome Security (One Time Credit),41178061,Active,N,Discounts,,,
9163816686384015476,$50 Off on SmartHome Security (One Time Credit),41178061,Active,N,Discounts,,,
9159823307213567862,$50 off SmartHome Security - One Time Credit,41133111,Active,N,Discounts,,,
9159993754213042753,$50 off SmartHome Security - One Time Credit,41133111,Active,N,Discounts,,,
9159993789213044857,$50 off SmartHome Security - One Time Credit,41133111,Active,N,Discounts,,,
9163505371082201663,$75 Off SmartHome Security (One Time Credit),41200451,Active,N,Discounts,,,
9163583252609231206,$75 Off SmartHome Security (One Time Credit),41200451,Active,N,Discounts,,,
9163583299164231209,$75 Off SmartHome Security (One Time Credit),41200451,Active,N,Discounts,,,
9163583299246231212,$75 Off SmartHome Security (One Time Credit),41200451,Active,N,Discounts,,,
9163600763297744543,$75 Off SmartHome Security (One Time Credit),41200451,Active,N,Discounts,,,
9163600793546187559,$75 Off SmartHome Security (One Time Credit),41200451,Active,N,Discounts,,,
9163600793896187562,$75 Off SmartHome Security (One Time Credit),41200451,Active,N,Discounts,,,
9164982564268303581,Black Friday - $150 One-time Credit - SmartHome Security,41178281,Active,N,Discounts,,,
9156192893413938014,Boost Wi-Fi Starter Pack $25 One Time Purchase Credit - Assure agents only,40874981,Active,N,"Discounts,Non Self-stackable Promotions,All Other Discounts",,,
9162969962544409568,Copy of Save for 24 months promo-281 - 2022-03-08 20:07:05,40775571,Active,N,Discounts,,,
9162969962595409567,Copy of Service Agreement on High Speed-163 - 2022-03-08 20:07:05,40786771,Active,N,Discounts,,,
9163771656745970764,D2D - OB Special Offer - $50 Off SmartHome Security,41178061,Active,N,Discounts,,,
9163781665357970783,D2D - OB Special Offer - $50 Off SmartHome Security,41178061,Active,N,Discounts,,,
9164391584860492552,EOM-TEST-COUPON-20-AUG-2022-FIFA-DISCOUNT,40884101,Active,N,"Discounts,You Pick 6 Promotions",,,
9164477618598151102,EOM-TEST-COUPON-30-AUG-2022,40884101,Active,N,Discounts,,,
9164689012757653890,Essentials & One Premium & One Theme Pack with commitment - $20 Off,40775691,Active,Y,[NULL],,,
9163504726156807892,F - $200 Off Internet (One-Time Credit),40884121,Active,N,Discounts,,,
9163504775950201654,F - $200 Off Internet (One-Time Credit),40884121,Active,N,Discounts,,,
9163504887965201657,F - $200 Off Internet (One-Time Credit),40884121,Active,N,Discounts,,,
9164875464865407746,FIFA_F10_PROD_EOM_TEST,40884101,Active,N,Discounts,,,
9153532200913330825,HS - One-Time Credit $100,40884101,Active,N,Discounts,,,
9153524866313325616,HS - One-Time Credit $150,40884111,Active,N,Discounts,,,
9161212296913214987,HS - One-Time Credit $150,40884111,Active,N,Discounts,,,
9162532466750187436,HS - One-Time Credit $150,40884111,Active,N,Discounts,,,
9153525772313326376,HS - One-Time Credit $200,40884121,Active,N,Discounts,,,
9161212499413215100,HS - One-Time Credit $200,40884121,Active,N,Discounts,,,
9162537215783187443,HS - One-Time Credit $200,40884121,Active,N,Discounts,,,
9153532270213330950,HS - One-Time Credit $250,40884131,Active,N,Discounts,,,
9153524378413320974,HS - One-Time Credit $50,40883941,Active,N,Discounts,,,
9156315709513090872,HS One-Time M&H Credit $100,40888911,Active,N,Discounts,,,
9156315715713090877,HS One-Time M&H Credit $50,40888841,Active,N,Discounts,,,
9157248770313218607,HS One-Time Web Credit - $50,40885281,Active,N,Discounts,,,
9160563092413315497,Home Phone Loyalty Credit $10,440653,Active,N,Discounts,,,
9158634870713145802,Home Phone One Time Referral Credit - $100,41114241,Active,N,Discounts,,,
9155280244013041804,Home Phone One-Time M&H Credit $100,40981461,Active,N,Discounts,,,
9156290391713061578,Home Phone One-Time M&H Credit $150,41003301,Active,N,Discounts,,,
9155280244213041809,Home Phone One-Time M&H Credit $200,40981761,Active,N,Discounts,,,
9155280244413041814,Home Phone One-Time M&H Credit $300,40981771,Active,N,Discounts,,,
9164429210252923534,Internet One Time Credit $25 incl tax*,41206981,Active,N,Discounts,,,
9164437426730923555,Internet One Time Credit $50 incl tax*,41206991,Active,N,Discounts,,,
9163283967813870394,Internet migration bill adjustment,41201161,Active,N,[NULL],,,
9163929252676886613,Les Grandes FÃªtes TELUS - $50 Off SmartHome Security (One Time Credit),41178061,Active,N,Discounts,,,
9163391732081709445,Limited Time Offer One-Time Credit,41178071,Active,N,Discounts,,,
9163443598757709596,Limited Time Offer One-Time Credit,41178071,Active,N,Discounts,,,
9163875886969970918,Limited Time Offer One-Time Credit,41178071,Active,N,Discounts,,,
9163953676705690029,Limited Time Offer One-Time Credit,41178071,Active,N,Discounts,,,
9164739673920693085,Limited Time Offer One-Time Credit,41178071,Active,N,Discounts,,,
9164421569528732407,Loyalty HS $10 Off Credit for 24 MO,40761451,Active,N,,40761451,Active,[NULL]
9164388130406181115,Loyalty HS $10 Off Credit for 24 MO Commitment Offer,40761451,Active,N,[NULL],,,
9164412658495317715,Loyalty HS $15 Off Credit for 24 MO Commitment Offer,40761321,Active,N,[NULL],,,
9164411344461317693,Loyalty HS $15 Off Credit for 24 MO Commitment Offer,40761451,Active,N,[NULL],,,
9164750775440693196,Loyalty HS $20 Off Credit for 24 MO,40775571,Active,N,[NULL],,,
9164420300312595485,Loyalty HS $20 Off Credit for 24 MO Commitment Offer,40775571,Active,N,[NULL],,,
9164479990385685637,Loyalty HS $20 Off Credit for 24 MO Commitment Offer,40775571,Active,N,[NULL],,,
9164724441074653954,Loyalty HS $5 Off Credit & TV for 24 MO Commitment Offer,40761321,Active,N,[NULL],,,
9164420019025595483,Loyalty HS $5 Off Credit for 24 MO,40761321,Active,N,[NULL],,,
9164480401995685640,Loyalty HS $5 Off Credit for 24 MO Commitment Offer,40761321,Active,N,[NULL],,,
9164861402627650172,Loyalty TOS Complete $5 Off Credit for 6 MO,41131961,Active,N,Discounts,,,
9164861997070650177,Loyalty TOS Standard $4 Off Credit for 6 MO,41131951,Active,N,Discounts,,,
9164862017861457497,Loyalty TOS Ultimate $10 Off Credit for 6 MO,41131971,Active,N,Discounts,,,
9164691478662619735,Loyalty TV $10 Off Credit for 24 MO,40760871,Active,Y,[NULL],,,
9164604426362174764,Loyalty TV $10 Off Credit for 24 MO Commitment Offer,40760871,Active,Y,[NULL],,,
9164750982537855176,Loyalty TV $20 Off Credit for 24 MO,40775691,Active,Y,[NULL],,,
9164650468098174932,Loyalty TV $20 Off Credit for 24 MO Promo Offer,40775691,Active,Y,[NULL],,,
9164691056576619734,Loyalty TV $5 Off Credit for 24 MO,40760821,Active,Y,[NULL],,,
9164692500847653898,Loyalty TV 5 VOD Coupons & Theme Pack,40833501,Active,Y,[NULL],,,
9164904688403650288,Loyalty wHSIA $10 Off Credit for 24 MO,41177431,Active,N,Discounts,,,
9164904642848457602,Loyalty wHSIA $5 Off Credit for 24 MO,41177421,Active,N,Discounts,,,
9164860583340650167,Loyalty wHSIA $5 Off Credit for 6 MO,41177481,Active,N,Discounts,,,
9161299928737665398,Mobile & Home Fiber Promotion - $150 Off Internet (One Time Credit),40888911,Active,N,[NULL],,,
9163330446961707838,Move Campaign - $50 Off SmartHome Security (One Time Credit),41178061,Active,N,Discounts,,,
9164797656811258485,OCT5-Rel-COmp,40884101,Active,N,Discounts,,,
9156308353513082456,Optik One-Time Mobile & Home Credit $150,41074741,Active,Y,Discounts,,,
9159061859413921939,Optik Referral One Time Credit,40641291,Active,Y,Discounts,,,
9153524728213325467,Optik TV One-Time Credit - $100,40883511,Active,Y,Discounts,,,
9153525269113326000,Optik TV One-Time Credit - $150,40883551,Active,Y,Discounts,,,
9161212543313215210,Optik TV One-Time Credit - $150,40883551,Active,Y,Discounts,,,
9162530900809703223,Optik TV One-Time Credit - $150,40883551,Active,Y,Discounts,,,
9153525538913326126,Optik TV One-Time Credit - $200,40883591,Active,Y,Discounts,,,
9156669604313700561,Optik TV One-Time Credit - $200,40883591,Active,Y,Discounts,,,
9153525616213326251,Optik TV One-Time Credit - $250,40883631,Active,Y,Discounts,,,
9153524078813320842,Optik TV One-Time Credit - $50,40883471,Active,Y,Discounts,,,
9163160815070325007,Partnership Promotional One-Time Credit,41178071,Active,N,Discounts,,,
9163160944936084760,Partnership Promotional One-Time Credit,41178291,Active,N,Discounts,,,
9158863837713668063,Pik EPP $30 Bill Credit,40902591,Active,Y,Discounts,,,
9155681459213186902,Pik TV EPP One Time Credit - $30,40902591,Active,Y,[NULL],,,
9163818020212232961,QuickConnect Lite One-Time Credit - $25,41206981,Active,N,Discounts,,,
9163818706669970874,QuickConnect Lite One-Time Credit - $50,41206991,Active,N,Discounts,,,
9151925168213290663,Realtor Referral One Time Optik TV Discount $50,40641291,Active,Y,[NULL],,,
9164158215131562886,Receive a $100 One-Time Digital Credit,41178071,Active,N,Discounts,,,
9164178632913446967,Receive a $100 One-Time Digital Credit,41178071,Active,N,Discounts,,,
9164179066379450648,Receive a $100 One-Time Digital Credit,41178071,Active,N,Discounts,,,
9162900263628724592,Receive a $50 One-Time Credit,41178061,Active,N,Discounts,,,
9162918871413281908,Receive a $50 One-Time Credit,41178061,Active,N,Discounts,,,
9162884629880724038,Receive a $50 One-Time Digital Credit,41178061,Active,N,Discounts,,,
9162884655172226824,Receive a $50 One-Time Digital Credit,41178061,Active,N,Discounts,,,
9164991515065891158,Referrals program - $50 Credit on Internet,40884101,Active,N,Discounts,,,
9160728892313905870,Rental Credit for Optik Self Install,40982324,Active,N,Discounts,,,
9155410024213141720,Retention 2.0: HP LD Credit 12 MO (LD Philippines 100) - $15,40900601,Active,N,"Discounts,Non Self-stackable Promotions,Retention,Value Based Stackability Discounts",,,
9155409697713141504,Retention 2.0: HP LD Credit 12 MO (LD Philippines 100) - $7.50,40900571,Active,N,"Discounts,Non Self-stackable Promotions,Retention,Value Based Stackability Discounts",,,
9162796320219108568,Retention 2.0: HP LD Credit 12 MO (Unlimited India LD) - $10,40871261,Active,N,[NULL],,,
9163654406802622440,Retention 2.0: HP LD Credit 24 MO (Asia Long Distance) - $3.5,41202581,Active,N,Discounts,,,
9163654413514622442,Retention 2.0: HP LD Credit 24 MO (Asia Long Distance) - $7,41202591,Active,N,Discounts,,,
9163654428891622443,Retention 2.0: HP LD Credit 24 MO (LD Philippines 100) - $15,41202671,Active,N,Discounts,,,
9163654422164645153,Retention 2.0: HP LD Credit 24 MO (LD Philippines 100) - $7.50,41202651,Active,N,Discounts,,,
9163654371974622435,Retention 2.0: HP LD Credit 24 MO (Unlimited India LD) - $10,41202611,Active,N,Discounts,,,
9163654361015622434,Retention 2.0: HP LD Credit 24 MO (Unlimited India Long Distance) - $5,41202601,Active,N,Discounts,,,
9163654347053645150,Retention 2.0: HP LD Credit 24 MO (Unlimited US and Canada LD) - $15,41202661,Active,N,Discounts,,,
9163654326525622432,Retention 2.0: HP LD Credit 24 MO (Unlimited US and Canada LD) - $7.50,41202641,Active,N,Discounts,,,
9163654390420622437,Retention 2.0: HP LD Credit 24 MO (Unlimited World 60 Long Distance) - $12.5,41202621,Active,N,Discounts,,,
9163654398377622438,Retention 2.0: HP LD Credit 24 MO (Unlimited World 60 Long Distance) - $25,41202631,Active,N,Discounts,,,
9164843929315407627,Retention 2.0: HP LD Unlimited US and Canada Credit 12 MO - $2,41217061,Active,N,Discounts,,,
9164793046616693347,Retention 2.0: HP LD Unlimited US and Canada Credit 24 MO - $2,41217051,Active,N,Discounts,,,
9164792985719693342,Retention 2.0: HP LD Unlimited US and Canada Credit 3 MO - $2,41217081,Active,N,Discounts,,,
9164792993283693344,Retention 2.0: HP LD Unlimited US and Canada Credit 6 MO - $2,41217071,Active,N,Discounts,,,
9159599900313819982,Retention 2.0: HS Credit 24 MO - $10,40761451,Active,N,Discounts,,,
9159600003913820318,Retention 2.0: HS Credit 24 MO - $10,40761451,Active,N,Discounts,,,
9159600232713820866,Retention 2.0: HS Credit 24 MO - $10,40761451,Active,N,Discounts,,,
9159600431413822869,Retention 2.0: HS Credit 24 MO - $10,40761451,Active,N,Discounts,,,
9159606108013847142,Retention 2.0: HS Credit 24 MO - $10,40761451,Active,N,Discounts,,,
9160005336613179509,Retention 2.0: HS Credit 24 MO - $10,40761451,Active,N,Discounts,,,
9160005338613179643,Retention 2.0: HS Credit 24 MO - $10,40761451,Active,N,Discounts,,,
9160005339513179712,Retention 2.0: HS Credit 24 MO - $10,40761451,Active,N,Discounts,,,
9160005340313179833,Retention 2.0: HS Credit 24 MO - $10,40761451,Active,N,Discounts,,,
9160131976913290402,Retention 2.0: HS Credit 24 MO - $10,40761451,Active,N,Discounts,,,
9160132066213290505,Retention 2.0: HS Credit 24 MO - $10,40761451,Active,N,Discounts,,,
9160132136213290662,Retention 2.0: HS Credit 24 MO - $10,40761451,Active,N,Discounts,,,
9164776245729235015,Retention 2.0: HS Credit 24 MO - $10,40761451,Active,N,[NULL],,,
9159598116113792125,Retention 2.0: HS Credit 24 MO - $20,40775571,Active,N,Discounts,,,
9159598242013794592,Retention 2.0: HS Credit 24 MO - $20,40775571,Active,N,Discounts,,,
9159599900113819954,Retention 2.0: HS Credit 24 MO - $20,40775571,Active,N,Discounts,,,
9159600003913820346,Retention 2.0: HS Credit 24 MO - $20,40775571,Active,N,Discounts,,,
9159600232613820838,Retention 2.0: HS Credit 24 MO - $20,40775571,Active,N,Discounts,,,
9159600431413822897,Retention 2.0: HS Credit 24 MO - $20,40775571,Active,N,Discounts,,,
9159606108013847068,Retention 2.0: HS Credit 24 MO - $20,40775571,Active,N,Discounts,,,
9160131828513290211,Retention 2.0: HS Credit 24 MO - $20,40775571,Active,N,Discounts,,,
9160131976913290359,Retention 2.0: HS Credit 24 MO - $20,40775571,Active,N,Discounts,,,
9160132066213290509,Retention 2.0: HS Credit 24 MO - $20,40775571,Active,N,Discounts,,,
9160132136213290724,Retention 2.0: HS Credit 24 MO - $20,40775571,Active,N,Discounts,,,
9164775623582855279,Retention 2.0: HS Credit 24 MO - $20,40775571,Active,N,[NULL],,,
9164777176642235035,Retention 2.0: HS Credit 24 MO - $20,40775571,Active,N,[NULL],,,
9159598116113792079,Retention 2.0: HS Credit 24 MO - $5,40761321,Active,N,Discounts,,,
9159598242213794784,Retention 2.0: HS Credit 24 MO - $5,40761321,Active,N,Discounts,,,
9159600003913820374,Retention 2.0: HS Credit 24 MO - $5,40761321,Active,N,Discounts,,,
9159606107713847040,Retention 2.0: HS Credit 24 MO - $5,40761321,Active,N,Discounts,,,
9160005338613179617,Retention 2.0: HS Credit 24 MO - $5,40761321,Active,N,Discounts,,,
9160005340313179820,Retention 2.0: HS Credit 24 MO - $5,40761321,Active,N,Discounts,,,
9160005341013179867,Retention 2.0: HS Credit 24 MO - $5,40761321,Active,N,Discounts,,,
9160131828513290228,Retention 2.0: HS Credit 24 MO - $5,40761321,Active,N,Discounts,,,
9160131976913290427,Retention 2.0: HS Credit 24 MO - $5,40761321,Active,N,Discounts,,,
9160132136213290712,Retention 2.0: HS Credit 24 MO - $5,40761321,Active,N,Discounts,,,
9162860975488813664,Retention 2.0: HS Credit 24 MO - $5,40761321,Active,N,[NULL],,,
9164432620584732480,Retention 2.0: HS Credit 24 MO - $5,40761321,Active,N,Discounts,,,
9164776545159693290,Retention 2.0: HS Credit 24 MO - $5,40761321,Active,N,[NULL],,,
9164782618281693310,Retention 2.0: HS Credit 24 MO - $5,40761321,Active,N,[NULL],,,
9159820245013566425,Retention 2.0: Mobile and Home 1GB Mobility Data - SL - 24 mo,40794711,Active,N,Discounts,,,
9155858551613926361,Retention 2.0: Pik TV 24 MO Credit - $5,40875971,Active,Y,[NULL],,,
9155856897013923176,Retention 2.0: Pik TV 6 MO Credit - $5,40881751,Active,Y,[NULL],,,
9159350119513208151,Retention 2.0: TELUS Online Security Complete 12MO Credit - $5,41127281,Active,N,"Discounts,All Other Discounts",,,
9159350119713208156,Retention 2.0: TELUS Online Security Complete 24MO Credit - $5,41127311,Active,N,"Discounts,All Other Discounts",,,
9159633598313566669,Retention 2.0: TELUS Online Security Complete 6MO Credit - $5,41131961,Active,N,Discounts,,,
9159350067213208141,Retention 2.0: TELUS Online Security Standard 12MO Credit - $4,41127271,Active,N,"Discounts,All Other Discounts",,,
9159350119313208146,Retention 2.0: TELUS Online Security Standard 24MO Credit - $4,41127301,Active,N,"Discounts,All Other Discounts",,,
9159633598113566664,Retention 2.0: TELUS Online Security Standard 6MO Credit - $4,41131951,Active,N,Discounts,,,
9159350119913208161,Retention 2.0: TELUS Online Security Ultimate 12MO Credit - $10,41127291,Active,N,"Discounts,All Other Discounts",,,
9159350120013208166,Retention 2.0: TELUS Online Security Ultimate 24MO Credit - $10,41127321,Active,N,"Discounts,All Other Discounts",,,
9159633598513566674,Retention 2.0: TELUS Online Security Ultimate 6MO Credit - $10,41131971,Active,N,Discounts,,,
9159598242113794638,Retention 2.0: TTV Credit 24 MO - $10,40760871,Active,Y,Discounts,,,
9159600232613820810,Retention 2.0: TTV Credit 24 MO - $10,40760871,Active,Y,Discounts,,,
9159600431313822841,Retention 2.0: TTV Credit 24 MO - $10,40760871,Active,Y,Discounts,,,
9159606108013847114,Retention 2.0: TTV Credit 24 MO - $10,40760871,Active,Y,Discounts,,,
9163428896759709590,Retention 2.0: TTV Credit 24 MO - $10,40760871,Active,Y,Discounts,,,
9163428944029442748,Retention 2.0: TTV Credit 24 MO - $10,40760871,Active,Y,Discounts,,,
9163428987712517612,Retention 2.0: TTV Credit 24 MO - $10,40760871,Active,Y,Discounts,,,
9163429024800442749,Retention 2.0: TTV Credit 24 MO - $10,40760871,Active,Y,Discounts,,,
9164610982404174861,Retention 2.0: TTV Credit 24 MO - $10,40760871,Active,Y,[NULL],,,
9164777106809855309,Retention 2.0: TTV Credit 24 MO - $10,40760871,Active,Y,[NULL],,,
9164777281181855310,Retention 2.0: TTV Credit 24 MO - $10,40760871,Active,Y,[NULL],,,
9162861745797619725,Retention 2.0: TTV Credit 24 MO - $3,41133461,Active,Y,[NULL],,,
9162727544363155265,Retention 2.0: TTV Credit 24 MO - $3 (v1),41180221,Active,Y,[NULL],,,
9159600431513822943,Retention 2.0: TTV Credit 24 MO - $5,40760821,Active,Y,Value Based Stackability Discounts,,,
9159606108113847170,Retention 2.0: TTV Credit 24 MO - $5,40760821,Active,Y,Value Based Stackability Discounts,,,
9160132066213290440,Retention 2.0: TTV Credit 24 MO - $5,40760821,Active,Y,Value Based Stackability Discounts,,,
9160132136213290745,Retention 2.0: TTV Credit 24 MO - $5,40760821,Active,Y,Value Based Stackability Discounts,,,
9163410578268517435,Retention 2.0: TTV Credit 24 MO - $5,40760821,Active,Y,Discounts,,,
9163428845797442747,Retention 2.0: TTV Credit 24 MO - $5,40760821,Active,Y,Discounts,,,
9164627743206675440,Retention 2.0: TTV Credit 24 MO - $5,40760821,Active,Y,[NULL],,,
9164777146675693293,Retention 2.0: TTV Credit 24 MO - $5,40760821,Active,Y,[NULL],,,
9164776977234235028,Retention 2.0: internet & Optik TTV Credit 24 MO - $20,40775691,Active,Y,[NULL],,,
9160255773613239115,Retention 3.0: Pik TV 24 MO Credit - $5,40875971,Active,Y,Discounts,,,
9164650957141317618,Retention TV $25 Off Credit for 24 MO Promo Offer,40775691,Active,Y,[NULL],,,
9163107318390081978,SHS $100 One-Time Credit,41178071,Active,N,Discounts,,,
9164784723227855382,SHS Retention Receive a $50 One Time Credit (Tax Included),41178061,Active,N,Discounts,,,
9164801664024279278,SHS Retention Receive a $50 One Time Credit (Tax Included),41178061,Active,N,Discounts,,,
9164851736748457443,SHS Retention Receive a $50 One Time Credit (Tax Included),41178061,Active,N,Discounts,,,
9164862633707457500,SHS Retention Receive a $50 One Time Credit (Tax Included),41178061,Active,N,Discounts,,,
9160555335613311504,SL 12 MO Discount - $10,40771891,Active,N,Discounts,,,
9160555403413311510,SL 3 MO Credit - $3,40784341,Active,N,Discounts,,,
9160555547213311616,SL 6 MO Credit - $3,40784351,Active,N,Discounts,,,
9156315694313090867,SL One-Time M&H Credit $150,41003301,Active,N,Discounts,,,
9153470373013287997,Save for 24 months promo,40760821,Active,Y,"Discounts,Value Based Stackability Discounts",,,
9153478279113293438,Save for 24 months promo,40760821,Active,Y,"Discounts,Value Based Stackability Discounts",,,
9154269108313836597,Save for 24 months promo,40760821,Active,Y,"Discounts,Value Based Stackability Discounts",,,
9154269181713943982,Save for 24 months promo,40760821,Active,Y,Value Based Stackability Discounts,,,
9154269123413836602,Save for 24 months promo,40760871,Active,Y,Value Based Stackability Discounts,,,
9154269137413878742,Save for 24 months promo,40760871,Active,Y,Value Based Stackability Discounts,,,
9154269165513936377,Save for 24 months promo,40760871,Active,Y,Value Based Stackability Discounts,,,
9154269190613948191,Save for 24 months promo,40760871,Active,Y,Value Based Stackability Discounts,,,
9155583197813200502,Save for 24 months promo,40760871,Active,Y,Discounts,,,
9155584511113202032,Save for 24 months promo,40760871,Active,Y,Discounts,,,
9154829195413214729,Save for 24 months promo,40761321,Active,N,"Discounts,Value Based Stackability Discounts",,,
9154829860713215107,Save for 24 months promo,40761321,Active,N,"Discounts,Value Based Stackability Discounts",,,
9154829926113215117,Save for 24 months promo,40761321,Active,N,"Discounts,Value Based Stackability Discounts",,,
9154830089313215232,Save for 24 months promo,40761321,Active,N,"Discounts,Value Based Stackability Discounts",,,
9155882804513436700,Save for 24 months promo,40761321,Active,N,Discounts,,,
9154829117313214724,Save for 24 months promo,40761451,Active,N,"Discounts,Value Based Stackability Discounts",,,
9154829209813214734,Save for 24 months promo,40761451,Active,N,"Discounts,Value Based Stackability Discounts",,,
9154829887013215112,Save for 24 months promo,40761451,Active,N,"Discounts,Value Based Stackability Discounts",,,
9154830055313215227,Save for 24 months promo,40761451,Active,N,"Discounts,Value Based Stackability Discounts",,,
9155583252913200702,Save for 24 months promo,40761451,Active,N,Discounts,,,
9155584490513201837,Save for 24 months promo,40761451,Active,N,Discounts,,,
9155584511113202036,Save for 24 months promo,40761451,Active,N,Discounts,,,
9155591508113210002,Save for 24 months promo,40761451,Active,N,Discounts,,,
9155882804513436704,Save for 24 months promo,40761451,Active,N,Discounts,,,
9155952154013995060,Save for 24 months promo,40761451,Active,N,Discounts,,,
9156100635613171246,Save for 24 months promo,40761451,Active,N,Discounts,,,
9155952154013994972,Save for 24 months promo,40775571,Active,N,Discounts,,,
9149675144813097567,Service Agreement on High Speed,40786771,Active,N,"Discounts,Migration Service Agreements",,,
9150082841513470087,Service Agreement on High Speed,40786771,Active,N,"Discounts,Migration Service Agreements",,,
9150082848713470092,Service Agreement on High Speed,40786771,Active,N,"Discounts,Migration Service Agreements",,,
9150165500913181620,Service Agreement on High Speed,40786771,Active,N,Discounts,,,
9150227659313137817,Service Agreement on High Speed,40786771,Active,N,Discounts,,,
9150227866413137993,Service Agreement on High Speed,40786771,Active,N,Discounts,,,
9150227877513138002,Service Agreement on High Speed,40786771,Active,N,Discounts,,,
9150227883913138007,Service Agreement on High Speed,40786771,Active,N,Discounts,,,
9150227883913138011,Service Agreement on High Speed,40786771,Active,N,Discounts,,,
9150227889713138016,Service Agreement on High Speed,40786771,Active,N,Discounts,,,
9150227889713138020,Service Agreement on High Speed,40786771,Active,N,Discounts,,,
9150227889713138024,Service Agreement on High Speed,40786771,Active,N,Discounts,,,
9150227889713138028,Service Agreement on High Speed,40786771,Active,N,Discounts,,,
9150227889713138032,Service Agreement on High Speed,40786771,Active,N,Discounts,,,
9150227889713138036,Service Agreement on High Speed,40786771,Active,N,Discounts,,,
9150468568413165504,Service Agreement on High Speed,40786771,Active,N,Discounts,,,
9150468754513165619,Service Agreement on High Speed,40786771,Active,N,Discounts,,,
9150468943113165639,Service Agreement on High Speed,40786771,Active,N,Discounts,,,
9150469133413165754,Service Agreement on High Speed,40786771,Active,N,Discounts,,,
9150479623613177972,Service Agreement on High Speed,40786771,Active,N,Discounts,,,
9150491012613183215,Service Agreement on High Speed,40786771,Active,N,Discounts,,,
9150491034113183220,Service Agreement on High Speed,40786771,Active,N,Discounts,,,
9150491046313183225,Service Agreement on High Speed,40786771,Active,N,Discounts,,,
9150491055013183230,Service Agreement on High Speed,40786771,Active,N,Discounts,,,
9150491066413183235,Service Agreement on High Speed,40786771,Active,N,Discounts,,,
9150491077213183240,Service Agreement on High Speed,40786771,Active,N,Discounts,,,
9150491086213183245,Service Agreement on High Speed,40786771,Active,N,Discounts,,,
9150491096813183250,Service Agreement on High Speed,40786771,Active,N,Discounts,,,
9150491107113183255,Service Agreement on High Speed,40786771,Active,N,Discounts,,,
9150491118513183260,Service Agreement on High Speed,40786771,Active,N,Discounts,,,
9150491129613183365,Service Agreement on High Speed,40786771,Active,N,Discounts,,,
9150491138413183370,Service Agreement on High Speed,40786771,Active,N,Discounts,,,
9150491146713183375,Service Agreement on High Speed,40786771,Active,N,Discounts,,,
9150491154213183380,Service Agreement on High Speed,40786771,Active,N,Discounts,,,
9150491164613183385,Service Agreement on High Speed,40786771,Active,N,Discounts,,,
9150491172313183390,Service Agreement on High Speed,40786771,Active,N,Discounts,,,
9150491238613183400,Service Agreement on High Speed,40786771,Active,N,Discounts,,,
9150491271013183411,Service Agreement on High Speed,40786771,Active,N,Discounts,,,
9150580933913199592,Service Agreement on High Speed,40786771,Active,N,Discounts,,,
9150580990513199600,Service Agreement on High Speed,40786771,Active,N,Discounts,,,
9150581119713199618,Service Agreement on High Speed,40786771,Active,N,Discounts,,,
9150581292513199743,Service Agreement on High Speed,40786771,Active,N,Discounts,,,
9150581334713199753,Service Agreement on High Speed,40786771,Active,N,Discounts,,,
9150581389013199858,Service Agreement on High Speed,40786771,Active,N,Discounts,,,
9150581784513199970,Service Agreement on High Speed,40786771,Active,N,Discounts,,,
9150597643213199682,Service Agreement on High Speed,40786771,Active,N,Discounts,,,
9150629626113217808,Service Agreement on High Speed,40786771,Active,N,Discounts,,,
9150653105313246285,Service Agreement on High Speed,40786771,Active,N,Discounts,,,
9150653112913246426,Service Agreement on High Speed,40786771,Active,N,Discounts,,,
9150657332513250114,Service Agreement on High Speed,40786771,Active,N,Discounts,,,
9150657344113250169,Service Agreement on High Speed,40786771,Active,N,Discounts,,,
9150691368113385763,Service Agreement on High Speed,40786771,Active,N,Discounts,,,
9150691736113387321,Service Agreement on High Speed,40786771,Active,N,Discounts,,,
9150691977513387846,Service Agreement on High Speed,40786771,Active,N,Discounts,,,
9150691993913387863,Service Agreement on High Speed,40786771,Active,N,Discounts,,,
9150692230013388123,Service Agreement on High Speed,40786771,Active,N,Discounts,,,
9150692241213388248,Service Agreement on High Speed,40786771,Active,N,Discounts,,,
9150692260713388263,Service Agreement on High Speed,40786771,Active,N,Discounts,,,
9150692270113388278,Service Agreement on High Speed,40786771,Active,N,Discounts,,,
9150692332013388417,Service Agreement on High Speed,40786771,Active,N,"Discounts,Value Based Stackability Discounts",,,
9150692461313389333,Service Agreement on High Speed,40786771,Active,N,"Discounts,Value Based Stackability Discounts",,,
9150692471913389341,Service Agreement on High Speed,40786771,Active,N,"Discounts,Value Based Stackability Discounts",,,
9150748086413689543,Service Agreement on High Speed,40786771,Active,N,Discounts,,,
9150842360913480364,Service Agreement on High Speed,40786771,Active,N,Discounts,,,
9150859068113491881,Service Agreement on High Speed,40786771,Active,N,Discounts,,,
9150883296713508923,Service Agreement on High Speed,40786771,Active,N,Discounts,,,
9150996223813502684,Service Agreement on High Speed,40786771,Active,N,Discounts,,,
9151471263213316402,Service Agreement on High Speed,40786771,Active,N,Discounts,,,
9151471753213316802,Service Agreement on High Speed,40786771,Active,N,"Discounts,Value Based Stackability Discounts",,,
9151472274113317503,Service Agreement on High Speed,40786771,Active,N,"Discounts,Value Based Stackability Discounts",,,
9151480287013323518,Service Agreement on High Speed,40786771,Active,N,"Discounts,Value Based Stackability Discounts",,,
9151480298413323625,Service Agreement on High Speed,40786771,Active,N,"Discounts,Value Based Stackability Discounts",,,
9151498492713354034,Service Agreement on High Speed,40786771,Active,N,Discounts,,,
9151523992613376292,Service Agreement on High Speed,40786771,Active,N,Discounts,,,
9151524216413376939,Service Agreement on High Speed,40786771,Active,N,"Discounts,Value Based Stackability Discounts",,,
9151524474913377334,Service Agreement on High Speed,40786771,Active,N,"Discounts,Value Based Stackability Discounts",,,
9151524611613377439,Service Agreement on High Speed,40786771,Active,N,Discounts,,,
9151531282113382044,Service Agreement on High Speed,40786771,Active,N,Discounts,,,
9151541282413400861,Service Agreement on High Speed,40786771,Active,N,Discounts,,,
9151548505413407139,Service Agreement on High Speed,40786771,Active,N,"Discounts,Value Based Stackability Discounts",,,
9151593769113899385,Service Agreement on High Speed,40786771,Active,N,Discounts,,,
9151594034613899495,Service Agreement on High Speed,40786771,Active,N,Discounts,,,
9151738753613653330,Service Agreement on High Speed,40786771,Active,N,Discounts,,,
9151738806913653639,Service Agreement on High Speed,40786771,Active,N,"Discounts,Value Based Stackability Discounts",,,
9151739366613655139,Service Agreement on High Speed,40786771,Active,N,"Discounts,Value Based Stackability Discounts",,,
9151739974213657509,Service Agreement on High Speed,40786771,Active,N,"Discounts,Value Based Stackability Discounts",,,
9151782494813699877,Service Agreement on High Speed,40786771,Active,N,Discounts,,,
9151849254213207399,Service Agreement on High Speed,40786771,Active,N,Discounts,,,
9151858580313217994,Service Agreement on High Speed,40786771,Active,N,Discounts,,,
9151919141413284905,Service Agreement on High Speed,40786771,Active,N,Discounts,,,
9151954376413313672,Service Agreement on High Speed,40786771,Active,N,Discounts,,,
9152093235813010834,Service Agreement on High Speed,40786771,Active,N,"Discounts,Value Based Stackability Discounts",,,
9152094914213012139,Service Agreement on High Speed,40786771,Active,N,"Discounts,Value Based Stackability Discounts",,,
9152210814813354579,Service Agreement on High Speed,40786771,Active,N,Discounts,,,
9152502048513973847,Service Agreement on High Speed,40786771,Active,N,"Discounts,Value Based Stackability Discounts",,,
9152561820613040560,Service Agreement on High Speed,40786771,Active,N,Discounts,,,
9152562042813041039,Service Agreement on High Speed,40786771,Active,N,Discounts,,,
9152638490713513558,Service Agreement on High Speed,40786771,Active,N,"Discounts,Value Based Stackability Discounts",,,
9152697763513574134,Service Agreement on High Speed,40786771,Active,N,"Discounts,Value Based Stackability Discounts",,,
9152698419413574839,Service Agreement on High Speed,40786771,Active,N,"Discounts,Value Based Stackability Discounts",,,
9152703597113140323,Service Agreement on High Speed,40786771,Active,N,Discounts,,,
9152703633413141082,Service Agreement on High Speed,40786771,Active,N,Discounts,,,
9152757945113639918,Service Agreement on High Speed,40786771,Active,N,Discounts,,,
9152758008513640110,Service Agreement on High Speed,40786771,Active,N,Discounts,,,
9152915045213768365,Service Agreement on High Speed,40786771,Active,N,Discounts,,,
9152915333713768731,Service Agreement on High Speed,40786771,Active,N,Discounts,,,
9152940697513788739,Service Agreement on High Speed,40786771,Active,N,Discounts,,,
9153008998513871068,Service Agreement on High Speed,40786771,Active,N,Discounts,,,
9153009502513871564,Service Agreement on High Speed,40786771,Active,N,Discounts,,,
9153034575113892614,Service Agreement on High Speed,40786771,Active,N,Discounts,,,
9153034575613892700,Service Agreement on High Speed,40786771,Active,N,Discounts,,,
9153034680013893317,Service Agreement on High Speed,40786771,Active,N,Discounts,,,
9153035016713893540,Service Agreement on High Speed,40786771,Active,N,Discounts,,,
9153035660513896123,Service Agreement on High Speed,40786771,Active,N,Discounts,,,
9153035678213896209,Service Agreement on High Speed,40786771,Active,N,Discounts,,,
9153256381613859539,Service Agreement on High Speed,40786771,Active,N,Discounts,,,
9153256727113860055,Service Agreement on High Speed,40786771,Active,N,Discounts,,,
9153415572813981276,Service Agreement on High Speed,40786771,Active,N,Discounts,,,
9153415739413981476,Service Agreement on High Speed,40786771,Active,N,Discounts,,,
9153491493313304153,Service Agreement on High Speed,40786771,Active,N,Discounts,,,
9153523767213320525,Service Agreement on High Speed,40786771,Active,N,Discounts,,,
9153552995313151400,Service Agreement on High Speed,40786771,Active,N,Discounts,,,
9153553057413151725,Service Agreement on High Speed,40786771,Active,N,Discounts,,,
9153585182213373605,Service Agreement on High Speed,40786771,Active,N,"Discounts,Value Based Stackability Discounts",,,
9153619974913455374,Service Agreement on High Speed,40786771,Active,N,"Discounts,Value Based Stackability Discounts",,,
9153639718313262535,Service Agreement on High Speed,40786771,Active,N,"Discounts,Value Based Stackability Discounts",,,
9153822878313680473,Service Agreement on High Speed,40786771,Active,N,Discounts,,,
9153956754713596339,Service Agreement on High Speed,40786771,Active,N,"Discounts,Value Based Stackability Discounts",,,
9153974740713607366,Service Agreement on High Speed,40786771,Active,N,"Discounts,Value Based Stackability Discounts",,,
9153983722513615436,Service Agreement on High Speed,40786771,Active,N,"Discounts,Value Based Stackability Discounts",,,
9154252582813817741,Service Agreement on High Speed,40786771,Active,N,Discounts,,,
9154252740113817951,Service Agreement on High Speed,40786771,Active,N,Discounts,,,
9154253096113818497,Service Agreement on High Speed,40786771,Active,N,Discounts,,,
9154253222013818609,Service Agreement on High Speed,40786771,Active,N,Discounts,,,
9154268662113836259,Service Agreement on High Speed,40786771,Active,N,Discounts,,,
9154331122213968764,Service Agreement on High Speed,40786771,Active,N,[NULL],,,
9154425741913505336,Service Agreement on High Speed,40786771,Active,N,Value Based Stackability Discounts,,,
9154560597613899734,Service Agreement on High Speed,40786771,Active,N,Discounts,,,
9154561822413903113,Service Agreement on High Speed,40786771,Active,N,Discounts,,,
9154763583313438524,Service Agreement on High Speed,40786771,Active,N,Discounts,,,
9154764355113439902,Service Agreement on High Speed,40786771,Active,N,Discounts,,,
9154807164113492135,Service Agreement on High Speed,40786771,Active,N,"Discounts,Value Based Stackability Discounts",,,
9154815735013500435,Service Agreement on High Speed,40786771,Active,N,"Discounts,Value Based Stackability Discounts",,,
9155352401713907494,Service Agreement on High Speed,40786771,Active,N,Discounts,,,
9155531799513040843,Service Agreement on High Speed,40786771,Active,N,"Discounts,Value Based Stackability Discounts",,,
9155583015813200112,Service Agreement on High Speed,40786771,Active,N,Discounts,,,
9155583023113200343,Service Agreement on High Speed,40786771,Active,N,Discounts,,,
9155584490213201708,Service Agreement on High Speed,40786771,Active,N,Discounts,,,
9155584511013201948,Service Agreement on High Speed,40786771,Active,N,Discounts,,,
9155606191313387846,Service Agreement on High Speed,40786771,Active,N,Discounts,,,
9155607456013390714,Service Agreement on High Speed,40786771,Active,N,Discounts,,,
9155711086513468230,Service Agreement on High Speed,40786771,Active,N,Discounts,,,
9155711146713468681,Service Agreement on High Speed,40786771,Active,N,Discounts,,,
9155726628413478631,Service Agreement on High Speed,40786771,Active,N,Discounts,,,
9155726667913478783,Service Agreement on High Speed,40786771,Active,N,Discounts,,,
9155728708613482189,Service Agreement on High Speed,40786771,Active,N,Discounts,,,
9155761674813898224,Service Agreement on High Speed,40786771,Active,N,Discounts,,,
9155777997513910803,Service Agreement on High Speed,40786771,Active,N,Discounts,,,
9155882804513436545,Service Agreement on High Speed,40786771,Active,N,Discounts,,,
9155945582613488440,Service Agreement on High Speed,40786771,Active,N,Discounts,,,
9155952154013995038,Service Agreement on High Speed,40786771,Active,N,Discounts,,,
9156100635613171218,Service Agreement on High Speed,40786771,Active,N,Discounts,,,
9156255393813993030,Service Agreement on High Speed,40786771,Active,N,Discounts,,,
9156297445013064914,Service Agreement on High Speed,40786771,Active,N,Discounts,,,
9156299503913068903,Service Agreement on High Speed,40786771,Active,N,Discounts,,,
9156373419813070841,Service Agreement on High Speed,40786771,Active,N,Discounts,,,
9156377023113145624,Service Agreement on High Speed,40786771,Active,N,Discounts,,,
9156379487413076108,Service Agreement on High Speed,40786771,Active,N,Discounts,,,
9156379697613076255,Service Agreement on High Speed,40786771,Active,N,Discounts,,,
9156379764113076459,Service Agreement on High Speed,40786771,Active,N,Discounts,,,
9156392952813162014,Service Agreement on High Speed,40786771,Active,N,Discounts,,,
9156401799313170822,Service Agreement on High Speed,40786771,Active,N,"Discounts,Value Based Stackability Discounts",,,
9156557631913300414,Service Agreement on High Speed,40786771,Active,N,Discounts,,,
9156631565013666830,Service Agreement on High Speed,40786771,Active,N,Discounts,,,
9156631886013667044,Service Agreement on High Speed,40786771,Active,N,Discounts,,,
9156632120913667268,Service Agreement on High Speed,40786771,Active,N,Discounts,,,
9156632836713668087,Service Agreement on High Speed,40786771,Active,N,Discounts,,,
9156687060213451655,Service Agreement on High Speed,40786771,Active,N,Discounts,,,
9156703875013461914,Service Agreement on High Speed,40786771,Active,N,Discounts,,,
9157576503113103562,Service Agreement on High Speed,40786771,Active,N,Discounts,,,
9157585028413112522,Service Agreement on High Speed,40786771,Active,N,Discounts,,,
9157593175613121214,Service Agreement on High Speed,40786771,Active,N,Discounts,,,
9157594372113125586,Service Agreement on High Speed,40786771,Active,N,Discounts,,,
9158022341013027055,Service Agreement on High Speed,40786771,Active,N,Discounts,,,
9158022910713027447,Service Agreement on High Speed,40786771,Active,N,Discounts,,,
9158024255213028883,Service Agreement on High Speed,40786771,Active,N,Discounts,,,
9158024672213029229,Service Agreement on High Speed,40786771,Active,N,Discounts,,,
9158205992313673855,Service Agreement on High Speed,40786771,Active,N,Discounts,,,
9158364312313775776,Service Agreement on High Speed,40786771,Active,N,"Discounts,Migration Service Agreements",,,
9158364312313775781,Service Agreement on High Speed,40786771,Active,N,"Discounts,Migration Service Agreements",,,
9158364312313775804,Service Agreement on High Speed,40786771,Active,N,"Discounts,Migration Service Agreements",,,
9158665922613039085,Service Agreement on High Speed,40786771,Active,N,Discounts,,,
9158675548313043709,Service Agreement on High Speed,40786771,Active,N,"Discounts,Value Based Stackability Discounts",,,
9158678253413045099,Service Agreement on High Speed,40786771,Active,N,Discounts,,,
9158678369213045136,Service Agreement on High Speed,40786771,Active,N,Discounts,,,
9158678710413045471,Service Agreement on High Speed,40786771,Active,N,Discounts,,,
9158678872313045735,Service Agreement on High Speed,40786771,Active,N,Discounts,,,
9158679202013046006,Service Agreement on High Speed,40786771,Active,N,Discounts,,,
9158679289613046268,Service Agreement on High Speed,40786771,Active,N,Discounts,,,
9158679368713046380,Service Agreement on High Speed,40786771,Active,N,Discounts,,,
9158679520113046617,Service Agreement on High Speed,40786771,Active,N,Discounts,,,
9158765501413623749,Service Agreement on High Speed,40786771,Active,N,"Discounts,Value Based Stackability Discounts",,,
9158765506713623893,Service Agreement on High Speed,40786771,Active,N,"Discounts,Value Based Stackability Discounts",,,
9158765852713655292,Service Agreement on High Speed,40786771,Active,N,"Discounts,Value Based Stackability Discounts",,,
9158765990713677153,Service Agreement on High Speed,40786771,Active,N,"Discounts,Value Based Stackability Discounts",,,
9158868040613720248,Service Agreement on High Speed,40786771,Active,N,"Discounts,Value Based Stackability Discounts",,,
9158902631413409231,Service Agreement on High Speed,40786771,Active,N,"Discounts,Value Based Stackability Discounts",,,
9158902655113417022,Service Agreement on High Speed,40786771,Active,N,"Discounts,Value Based Stackability Discounts",,,
9158920855113764760,Service Agreement on High Speed,40786771,Active,N,Discounts,,,
9158922833013765924,Service Agreement on High Speed,40786771,Active,N,"Discounts,Value Based Stackability Discounts",,,
9159076222913145176,Service Agreement on High Speed,40786771,Active,N,"Discounts,Value Based Stackability Discounts",,,
9159333657713146360,Service Agreement on High Speed,40786771,Active,N,Discounts,,,
9159342468813153037,Service Agreement on High Speed,40786771,Active,N,"Discounts,Value Based Stackability Discounts",,,
9159598116113792107,Service Agreement on High Speed,40786771,Active,N,"Discounts,Value Based Stackability Discounts",,,
9159598242113794620,Service Agreement on High Speed,40786771,Active,N,"Discounts,Value Based Stackability Discounts",,,
9159599900413820010,Service Agreement on High Speed,40786771,Active,N,"Discounts,Value Based Stackability Discounts",,,
9159600003813820300,Service Agreement on High Speed,40786771,Active,N,"Discounts,Value Based Stackability Discounts",,,
9159600232413820774,Service Agreement on High Speed,40786771,Active,N,"Discounts,Value Based Stackability Discounts",,,
9159600431413822925,Service Agreement on High Speed,40786771,Active,N,"Discounts,Value Based Stackability Discounts",,,
9159606108113847198,Service Agreement on High Speed,40786771,Active,N,"Discounts,Value Based Stackability Discounts",,,
9159832520413647453,Service Agreement on High Speed,40786771,Active,N,"Discounts,Value Based Stackability Discounts",,,
9159996615213958827,Service Agreement on High Speed,40786771,Active,N,"Discounts,Value Based Stackability Discounts",,,
9159997856013960056,Service Agreement on High Speed,40786771,Active,N,"Discounts,Value Based Stackability Discounts",,,
9160003113713174887,Service Agreement on High Speed,40786771,Active,N,"Discounts,Value Based Stackability Discounts",,,
9160004396413177343,Service Agreement on High Speed,40786771,Active,N,Discounts,,,
9160005336613179559,Service Agreement on High Speed,40786771,Active,N,"Discounts,Value Based Stackability Discounts",,,
9160005338613179626,Service Agreement on High Speed,40786771,Active,N,"Discounts,Value Based Stackability Discounts",,,
9160005339513179725,Service Agreement on High Speed,40786771,Active,N,"Discounts,Value Based Stackability Discounts",,,
9160005340313179837,Service Agreement on High Speed,40786771,Active,N,"Discounts,Value Based Stackability Discounts",,,
9160005341013179880,Service Agreement on High Speed,40786771,Active,N,"Discounts,Value Based Stackability Discounts",,,
9160007108413181802,Service Agreement on High Speed,40786771,Active,N,"Discounts,Value Based Stackability Discounts",,,
9160008778713185480,Service Agreement on High Speed,40786771,Active,N,"Discounts,Value Based Stackability Discounts",,,
9160131828513290174,Service Agreement on High Speed,40786771,Active,N,"Discounts,Value Based Stackability Discounts",,,
9160131976913290422,Service Agreement on High Speed,40786771,Active,N,"Discounts,Value Based Stackability Discounts",,,
9160132066213290463,Service Agreement on High Speed,40786771,Active,N,"Discounts,Value Based Stackability Discounts",,,
9160132136213290728,Service Agreement on High Speed,40786771,Active,N,"Discounts,Value Based Stackability Discounts",,,
9160481231813744826,Service Agreement on High Speed,40786771,Active,N,Discounts,,,
9160489138513753314,Service Agreement on High Speed,40786771,Active,N,Discounts,,,
9160740793513913123,Service Agreement on High Speed,40786771,Active,N,"Discounts,Value Based Stackability Discounts",,,
9160756980013921835,Service Agreement on High Speed,40786771,Active,N,Discounts,,,
9160757413713922310,Service Agreement on High Speed,40786771,Active,N,"Discounts,Value Based Stackability Discounts",,,
9160757696113960893,Service Agreement on High Speed,40786771,Active,N,Discounts,,,
9160758398113924017,Service Agreement on High Speed,40786771,Active,N,"Discounts,Value Based Stackability Discounts",,,
9160758855913924410,Service Agreement on High Speed,40786771,Active,N,"Discounts,Value Based Stackability Discounts",,,
9160759236113924762,Service Agreement on High Speed,40786771,Active,N,"Discounts,Value Based Stackability Discounts",,,
9160759678413925252,Service Agreement on High Speed,40786771,Active,N,"Discounts,Value Based Stackability Discounts",,,
9160760348513925471,Service Agreement on High Speed,40786771,Active,N,"Discounts,Value Based Stackability Discounts",,,
9160760623013925897,Service Agreement on High Speed,40786771,Active,N,"Discounts,Value Based Stackability Discounts",,,
9160778640613971882,Service Agreement on High Speed,40786771,Active,N,Discounts,,,
9160778640613972032,Service Agreement on High Speed,40786771,Active,N,Discounts,,,
9160778640613972183,Service Agreement on High Speed,40786771,Active,N,Discounts,,,
9160778640613972340,Service Agreement on High Speed,40786771,Active,N,Discounts,,,
9160778640713972741,Service Agreement on High Speed,40786771,Active,N,Discounts,,,
9160783152413937285,Service Agreement on High Speed,40786771,Active,N,Discounts,,,
9160783681513938034,Service Agreement on High Speed,40786771,Active,N,Discounts,,,
9160783800613938254,Service Agreement on High Speed,40786771,Active,N,Discounts,,,
9160783963513938658,Service Agreement on High Speed,40786771,Active,N,Discounts,,,
9160790936213983318,Service Agreement on High Speed,40786771,Active,N,Discounts,,,
9160793781113985396,Service Agreement on High Speed,40786771,Active,N,"Discounts,Value Based Stackability Discounts",,,
9160793807913985645,Service Agreement on High Speed,40786771,Active,N,"Discounts,Value Based Stackability Discounts",,,
9160794410513986950,Service Agreement on High Speed,40786771,Active,N,Discounts,,,
9160794991713988494,Service Agreement on High Speed,40786771,Active,N,Discounts,,,
9160795080613988672,Service Agreement on High Speed,40786771,Active,N,Discounts,,,
9160795421013988942,Service Agreement on High Speed,40786771,Active,N,Discounts,,,
9160817582413009448,Service Agreement on High Speed,40786771,Active,N,Discounts,,,
9160841335813024135,Service Agreement on High Speed,40786771,Active,N,Discounts,,,
9160841354113024242,Service Agreement on High Speed,40786771,Active,N,Discounts,,,
9160842710413025868,Service Agreement on High Speed,40786771,Active,N,Discounts,,,
9161326735313818009,Service Agreement on High Speed,40786771,Active,N,Discounts,,,
9161327922013818773,Service Agreement on High Speed,40786771,Active,N,"Discounts,Value Based Stackability Discounts",,,
9161327925313818860,Service Agreement on High Speed,40786771,Active,N,"Discounts,Value Based Stackability Discounts",,,
9161344535813790770,Service Agreement on High Speed,40786771,Active,N,"Discounts,Value Based Stackability Discounts",,,
9161344547513790834,Service Agreement on High Speed,40786771,Active,N,"Discounts,Value Based Stackability Discounts",,,
9161405354213871936,Service Agreement on High Speed,40786771,Active,N,Discounts,,,
9161939749713013049,Service Agreement on High Speed,40786771,Active,N,Discounts,,,
9161940047213013867,Service Agreement on High Speed,40786771,Active,N,Discounts,,,
9161940163113014305,Service Agreement on High Speed,40786771,Active,N,Discounts,,,
9161940240813014780,Service Agreement on High Speed,40786771,Active,N,Discounts,,,
9161940915813017165,Service Agreement on High Speed,40786771,Active,N,Discounts,,,
9161941002913017228,Service Agreement on High Speed,40786771,Active,N,"Discounts,Value Based Stackability Discounts",,,
9161941099013017914,Service Agreement on High Speed,40786771,Active,N,"Discounts,Value Based Stackability Discounts",,,
9161942150113022881,Service Agreement on High Speed,40786771,Active,N,Discounts,,,
9163030331105415128,Service Agreement on High Speed,40786771,Active,N,Discounts,,,
9163030499140653773,Service Agreement on High Speed,40786771,Active,N,Discounts,,,
9163031513028653788,Service Agreement on High Speed,40786771,Active,N,Discounts,,,
9163031696206769062,Service Agreement on High Speed,40786771,Active,N,Discounts,,,
9163037084307653795,Service Agreement on High Speed,40786771,Active,N,Discounts,,,
9163124708344084645,Service Agreement on High Speed,40786771,Active,N,Discounts,,,
9163135260441151686,Service Agreement on High Speed,40786771,Active,N,Discounts,,,
9163135403091084657,Service Agreement on High Speed,40786771,Active,N,Discounts,,,
9163135526652061346,Service Agreement on High Speed,40786771,Active,N,Discounts,,,
9163135659101061360,Service Agreement on High Speed,40786771,Active,N,Discounts,,,
9163144229460151704,Service Agreement on High Speed,40786771,Active,N,Discounts,,,
9163144803221151715,Service Agreement on High Speed,40786771,Active,N,Discounts,,,
9163279587472626356,Service Agreement on High Speed,40786771,Active,N,Discounts,,,
9163340867998962488,Service Agreement on High Speed,40786771,Active,N,Discounts,,,
9164245825262427609,Service Agreement on High Speed,40786771,Active,N,Discounts,,,
9164391651805492557,Service Agreement on High Speed,40786771,Active,N,Discounts,,,
9164411083891317690,Service Agreement on High Speed,40786771,Active,N,[NULL],,,
9164421563967329072,Service Agreement on High Speed,40786771,Active,N,[NULL],,,
9164424538817732410,Service Agreement on High Speed,40786771,Active,N,[NULL],,,
9164427780355732455,Service Agreement on High Speed,40786771,Active,N,Discounts,,,
9164433639746595587,Service Agreement on High Speed,40786771,Active,N,Discounts,,,
9164473594655732515,Service Agreement on High Speed,40786771,Active,N,[NULL],,,
9164477647489685616,Service Agreement on High Speed,40786771,Active,N,Discounts,,,
9164480740197685642,Service Agreement on High Speed,40786771,Active,N,[NULL],,,
9164724793808653956,Service Agreement on High Speed,40786771,Active,N,[NULL],,,
9164750877368855173,Service Agreement on High Speed,40786771,Active,N,[NULL],,,
9164776996817855305,Service Agreement on High Speed,40786771,Active,N,[NULL],,,
9164777105567855308,Service Agreement on High Speed,40786771,Active,N,[NULL],,,
9164797762492279241,Service Agreement on High Speed,40786771,Active,N,Discounts,,,
9164921245738303446,Service Agreement on High Speed,40786771,Active,N,Discounts,,,
9164921609742303449,Service Agreement on High Speed,40786771,Active,N,Discounts,,,
9164930481832891008,Service Agreement on High Speed,40786771,Active,N,Discounts,,,
9164964299686303505,Service Agreement on High Speed,40786771,Active,N,Discounts,,,
9163650617215824463,Service Agreement on High Speed Internet,40786771,Active,N,Discounts,,,
9163651356941824466,Service Agreement on High Speed Internet,40786771,Active,N,Discounts,,,
9164777152779235032,Service Agreement on High Speed Internet & Optik,40786771,Active,N,[NULL],,,
9150228061313138077,Service Agreement on Home Phone,40786781,Active,N,Discounts,,,
9150228061313138081,Service Agreement on Home Phone,40786781,Active,N,Discounts,,,
9161395913999156675,Service Agreement on Rural Internet,40786771,Active,N,[NULL],,,
9161396668136156681,Service Agreement on Rural Internet,40786771,Active,N,[NULL],,,
9161396971893156688,Service Agreement on Rural Internet,40786771,Active,N,[NULL],,,
9163636623480824402,Service Agreement on Rural Internet,40786771,Active,N,[NULL],,,
9151731816513649427,Service Agreement on TELUS TV,40775691,Active,Y,"Discounts,Value Based Stackability Discounts",,,
9150082892113470197,Service Agreement on TELUS TV,40786761,Active,Y,"Discounts,Migration Service Agreements",,,
9150082897313470202,Service Agreement on TELUS TV,40786761,Active,Y,"Discounts,Migration Service Agreements",,,
9150165510513181625,Service Agreement on TELUS TV,40786761,Active,Y,Discounts,,,
9150227969213138041,Service Agreement on TELUS TV,40786761,Active,Y,Discounts,,,
9150227989913138046,Service Agreement on TELUS TV,40786761,Active,Y,Discounts,,,
9150227997613138051,Service Agreement on TELUS TV,40786761,Active,Y,Discounts,,,
9150228008113138060,Service Agreement on TELUS TV,40786761,Active,Y,Discounts,,,
9150228008113138064,Service Agreement on TELUS TV,40786761,Active,Y,Discounts,,,
9150228008113138068,Service Agreement on TELUS TV,40786761,Active,Y,Discounts,,,
9150228008113138072,Service Agreement on TELUS TV,40786761,Active,Y,Discounts,,,
9150468786113165624,Service Agreement on TELUS TV,40786761,Active,Y,Discounts,,,
9150469247113165869,Service Agreement on TELUS TV,40786761,Active,Y,Discounts,,,
9150479612613177867,Service Agreement on TELUS TV,40786761,Active,Y,Discounts,,,
9150491353813183521,Service Agreement on TELUS TV,40786761,Active,Y,"Discounts,Migration Service Agreements",,,
9150491370613183526,Service Agreement on TELUS TV,40786761,Active,Y,Discounts,,,
9150491380313183531,Service Agreement on TELUS TV,40786761,Active,Y,Discounts,,,
9150491388613183536,Service Agreement on TELUS TV,40786761,Active,Y,Discounts,,,
9150491396713183541,Service Agreement on TELUS TV,40786761,Active,Y,Discounts,,,
9150491405313183546,Service Agreement on TELUS TV,40786761,Active,Y,Discounts,,,
9150491413513183551,Service Agreement on TELUS TV,40786761,Active,Y,Discounts,,,
9150491449613183556,Service Agreement on TELUS TV,40786761,Active,Y,Discounts,,,
9150503369813190197,Service Agreement on TELUS TV,40786761,Active,Y,Discounts,,,
9150581005113199605,Service Agreement on TELUS TV,40786761,Active,Y,Discounts,,,
9150581302913199748,Service Agreement on TELUS TV,40786761,Active,Y,Discounts,,,
9150581402513199863,Service Agreement on TELUS TV,40786761,Active,Y,Discounts,,,
9150581803313199975,Service Agreement on TELUS TV,40786761,Active,Y,Discounts,,,
9150597646013199819,Service Agreement on TELUS TV,40786761,Active,Y,Discounts,,,
9150629626113217856,Service Agreement on TELUS TV,40786761,Active,Y,Discounts,,,
9150653065113246402,Service Agreement on TELUS TV,40786761,Active,Y,Discounts,,,
9150653112913246474,Service Agreement on TELUS TV,40786761,Active,Y,Discounts,,,
9150657344113250217,Service Agreement on TELUS TV,40786761,Active,Y,Discounts,,,
9150691369313385768,Service Agreement on TELUS TV,40786761,Active,Y,Discounts,,,
9150691977513387850,Service Agreement on TELUS TV,40786761,Active,Y,Discounts,,,
9150691993913387867,Service Agreement on TELUS TV,40786761,Active,Y,Discounts,,,
9150692230013388127,Service Agreement on TELUS TV,40786761,Active,Y,Discounts,,,
9150692241213388252,Service Agreement on TELUS TV,40786761,Active,Y,Discounts,,,
9150692260713388267,Service Agreement on TELUS TV,40786761,Active,Y,Discounts,,,
9150692286213388298,Service Agreement on TELUS TV,40786761,Active,Y,Discounts,,,
9150692332013388421,Service Agreement on TELUS TV,40786761,Active,Y,"Discounts,Value Based Stackability Discounts",,,
9150692471913389345,Service Agreement on TELUS TV,40786761,Active,Y,"Discounts,Value Based Stackability Discounts",,,
9150748122513689548,Service Agreement on TELUS TV,40786761,Active,Y,Discounts,,,
9150859068113491885,Service Agreement on TELUS TV,40786761,Active,Y,Discounts,,,
9150873728713503304,Service Agreement on TELUS TV,40786761,Active,Y,Discounts,,,
9150883296913509004,Service Agreement on TELUS TV,40786761,Active,Y,Discounts,,,
9150996223813502850,Service Agreement on TELUS TV,40786761,Active,Y,Discounts,,,
9151471753413316850,Service Agreement on TELUS TV,40786761,Active,Y,"Discounts,Value Based Stackability Discounts",,,
9151472752313318033,Service Agreement on TELUS TV,40786761,Active,Y,"Discounts,Value Based Stackability Discounts",,,
9151480264613323491,Service Agreement on TELUS TV,40786761,Active,Y,"Discounts,Value Based Stackability Discounts",,,
9151480287113323566,Service Agreement on TELUS TV,40786761,Active,Y,"Discounts,Value Based Stackability Discounts",,,
9151480546413324321,Service Agreement on TELUS TV,40786761,Active,Y,Discounts,,,
9151523884313376043,Service Agreement on TELUS TV,40786761,Active,Y,Discounts,,,
9151524216413376943,Service Agreement on TELUS TV,40786761,Active,Y,"Discounts,Value Based Stackability Discounts",,,
9151531282213382048,Service Agreement on TELUS TV,40786761,Active,Y,Discounts,,,
9151541282413400865,Service Agreement on TELUS TV,40786761,Active,Y,Discounts,,,
9151541561313401739,Service Agreement on TELUS TV,40786761,Active,Y,Discounts,,,
9151548505513407143,Service Agreement on TELUS TV,40786761,Active,Y,"Discounts,Value Based Stackability Discounts",,,
9151594006313899490,Service Agreement on TELUS TV,40786761,Active,Y,Discounts,,,
9151594067313899500,Service Agreement on TELUS TV,40786761,Active,Y,Discounts,,,
9151738806913653687,Service Agreement on TELUS TV,40786761,Active,Y,"Discounts,Value Based Stackability Discounts",,,
9151739974313657557,Service Agreement on TELUS TV,40786761,Active,Y,"Discounts,Value Based Stackability Discounts",,,
9151858580413218162,Service Agreement on TELUS TV,40786761,Active,Y,Discounts,,,
9151919141413284909,Service Agreement on TELUS TV,40786761,Active,Y,Discounts,,,
9151954376413313676,Service Agreement on TELUS TV,40786761,Active,Y,Discounts,,,
9152094914213012143,Service Agreement on TELUS TV,40786761,Active,Y,"Discounts,Value Based Stackability Discounts",,,
9152101635513017834,Service Agreement on TELUS TV,40786761,Active,Y,"Discounts,Value Based Stackability Discounts",,,
9152562042813041043,Service Agreement on TELUS TV,40786761,Active,Y,Discounts,,,
9152697798213574208,Service Agreement on TELUS TV,40786761,Active,Y,"Discounts,Value Based Stackability Discounts",,,
9152698419413574843,Service Agreement on TELUS TV,40786761,Active,Y,"Discounts,Value Based Stackability Discounts",,,
9152703633413141150,Service Agreement on TELUS TV,40786761,Active,Y,Discounts,,,
9152757945113639922,Service Agreement on TELUS TV,40786761,Active,Y,Discounts,,,
9152915282713768581,Service Agreement on TELUS TV,40786761,Active,Y,Discounts,,,
9152915333713768735,Service Agreement on TELUS TV,40786761,Active,Y,Discounts,,,
9152940697513788743,Service Agreement on TELUS TV,40786761,Active,Y,Discounts,,,
9153008998513871072,Service Agreement on TELUS TV,40786761,Active,Y,Discounts,,,
9153009502613871568,Service Agreement on TELUS TV,40786761,Active,Y,Discounts,,,
9153034575213892618,Service Agreement on TELUS TV,40786761,Active,Y,Discounts,,,
9153034575613892704,Service Agreement on TELUS TV,40786761,Active,Y,Discounts,,,
9153034680013893321,Service Agreement on TELUS TV,40786761,Active,Y,Discounts,,,
9153035016713893544,Service Agreement on TELUS TV,40786761,Active,Y,Discounts,,,
9153035660513896127,Service Agreement on TELUS TV,40786761,Active,Y,Discounts,,,
9153035678213896213,Service Agreement on TELUS TV,40786761,Active,Y,Discounts,,,
9153041876513397092,Service Agreement on TELUS TV,40786761,Active,Y,Discounts,,,
9153256727113860059,Service Agreement on TELUS TV,40786761,Active,Y,Discounts,,,
9153415739413981480,Service Agreement on TELUS TV,40786761,Active,Y,Discounts,,,
9153491243713303884,Service Agreement on TELUS TV,40786761,Active,Y,Discounts,,,
9153523767213320529,Service Agreement on TELUS TV,40786761,Active,Y,Discounts,,,
9153553057413151729,Service Agreement on TELUS TV,40786761,Active,Y,Discounts,,,
9153585182213373609,Service Agreement on TELUS TV,40786761,Active,Y,"Discounts,Value Based Stackability Discounts",,,
9153619974913455378,Service Agreement on TELUS TV,40786761,Active,Y,"Discounts,Value Based Stackability Discounts",,,
9153647364313470569,Service Agreement on TELUS TV,40786761,Active,Y,"Discounts,Value Based Stackability Discounts",,,
9153653337313473541,Service Agreement on TELUS TV,40786761,Active,Y,"Discounts,Value Based Stackability Discounts",,,
9153822878313680477,Service Agreement on TELUS TV,40786761,Active,Y,Discounts,,,
9153974740713607375,Service Agreement on TELUS TV,40786761,Active,Y,"Discounts,Value Based Stackability Discounts",,,
9153983722513615406,Service Agreement on TELUS TV,40786761,Active,Y,"Discounts,Value Based Stackability Discounts",,,
9154252954313818259,Service Agreement on TELUS TV,40786761,Active,Y,Discounts,,,
9154253029913818328,Service Agreement on TELUS TV,40786761,Active,Y,Discounts,,,
9154253096113818501,Service Agreement on TELUS TV,40786761,Active,Y,Discounts,,,
9154253222013818613,Service Agreement on TELUS TV,40786761,Active,Y,Discounts,,,
9154268662113836263,Service Agreement on TELUS TV,40786761,Active,Y,Discounts,,,
9154331122213968768,Service Agreement on TELUS TV,40786761,Active,Y,[NULL],,,
9154425778113505341,Service Agreement on TELUS TV,40786761,Active,Y,Value Based Stackability Discounts,,,
9154560597613899784,Service Agreement on TELUS TV,40786761,Active,Y,Discounts,,,
9154764355213439906,Service Agreement on TELUS TV,40786761,Active,Y,Discounts,,,
9155352401713907498,Service Agreement on TELUS TV,40786761,Active,Y,Discounts,,,
9155521888013234114,Service Agreement on TELUS TV,40786761,Active,Y,Discounts,,,
9155531799513040847,Service Agreement on TELUS TV,40786761,Active,Y,"Discounts,Value Based Stackability Discounts",,,
9155583023113200347,Service Agreement on TELUS TV,40786761,Active,Y,Discounts,,,
9155584511013201952,Service Agreement on TELUS TV,40786761,Active,Y,Discounts,,,
9155607456013390718,Service Agreement on TELUS TV,40786761,Active,Y,Discounts,,,
9155711127113468341,Service Agreement on TELUS TV,40786761,Active,Y,Discounts,,,
9155711146713468658,Service Agreement on TELUS TV,40786761,Active,Y,Discounts,,,
9155726660413478671,Service Agreement on TELUS TV,40786761,Active,Y,Discounts,,,
9155726667913478796,Service Agreement on TELUS TV,40786761,Active,Y,Discounts,,,
9155728708613482179,Service Agreement on TELUS TV,40786761,Active,Y,Discounts,,,
9155771776113907970,Service Agreement on TELUS TV,40786761,Active,Y,Discounts,,,
9155777902413910694,Service Agreement on TELUS TV,40786761,Active,Y,Discounts,,,
9155882804513436549,Service Agreement on TELUS TV,40786761,Active,Y,Discounts,,,
9155945582613488468,Service Agreement on TELUS TV,40786761,Active,Y,Discounts,,,
9155952154013995011,Service Agreement on TELUS TV,40786761,Active,Y,Discounts,,,
9156100635613171250,Service Agreement on TELUS TV,40786761,Active,Y,Discounts,,,
9156255393713992893,Service Agreement on TELUS TV,40786761,Active,Y,Discounts,,,
9156299503913068790,Service Agreement on TELUS TV,40786761,Active,Y,Discounts,,,
9156377023113145652,Service Agreement on TELUS TV,40786761,Active,Y,Discounts,,,
9156379487413076112,Service Agreement on TELUS TV,40786761,Active,Y,Discounts,,,
9156379764113076463,Service Agreement on TELUS TV,40786761,Active,Y,Discounts,,,
9156392952813161967,Service Agreement on TELUS TV,40786761,Active,Y,Discounts,,,
9156401799213170771,Service Agreement on TELUS TV,40786761,Active,Y,"Discounts,Value Based Stackability Discounts",,,
9156557631913300455,Service Agreement on TELUS TV,40786761,Active,Y,Discounts,,,
9156632120913667272,Service Agreement on TELUS TV,40786761,Active,Y,Discounts,,,
9156632836713668091,Service Agreement on TELUS TV,40786761,Active,Y,Discounts,,,
9156695606713458145,Service Agreement on TELUS TV,40786761,Active,Y,Discounts,,,
9156704137713464719,Service Agreement on TELUS TV,40786761,Active,Y,Discounts,,,
9157576502913103239,Service Agreement on TELUS TV,40786761,Active,Y,Discounts,,,
9157593175613121292,Service Agreement on TELUS TV,40786761,Active,Y,Discounts,,,
9158024255213028887,Service Agreement on TELUS TV,40786761,Active,Y,Discounts,,,
9158024672213029233,Service Agreement on TELUS TV,40786761,Active,Y,Discounts,,,
9158205992413673889,Service Agreement on TELUS TV,40786761,Active,Y,Discounts,,,
9158665922513039019,Service Agreement on TELUS TV,40786761,Active,Y,Discounts,,,
9158675548313043746,Service Agreement on TELUS TV,40786761,Active,Y,"Discounts,Value Based Stackability Discounts",,,
9158678710413045555,Service Agreement on TELUS TV,40786761,Active,Y,Discounts,,,
9158678872313045692,Service Agreement on TELUS TV,40786761,Active,Y,Discounts,,,
9158679368613046317,Service Agreement on TELUS TV,40786761,Active,Y,Discounts,,,
9158679520113046621,Service Agreement on TELUS TV,40786761,Active,Y,Discounts,,,
9158765335413615509,Service Agreement on TELUS TV,40786761,Active,Y,"Discounts,Value Based Stackability Discounts",,,
9158765506713623911,Service Agreement on TELUS TV,40786761,Active,Y,"Discounts,Value Based Stackability Discounts",,,
9158920855013764698,Service Agreement on TELUS TV,40786761,Active,Y,Discounts,,,
9158922833013765953,Service Agreement on TELUS TV,40786761,Active,Y,"Discounts,Value Based Stackability Discounts",,,
9159076223013145262,Service Agreement on TELUS TV,40786761,Active,Y,"Discounts,Value Based Stackability Discounts",,,
9159333657713146350,Service Agreement on TELUS TV,40786761,Active,Y,Discounts,,,
9159342468813152912,Service Agreement on TELUS TV,40786761,Active,Y,"Discounts,Value Based Stackability Discounts",,,
9159598242113794766,Service Agreement on TELUS TV,40786761,Active,Y,"Discounts,Value Based Stackability Discounts",,,
9159600232613820792,Service Agreement on TELUS TV,40786761,Active,Y,"Discounts,Value Based Stackability Discounts",,,
9159600431213822823,Service Agreement on TELUS TV,40786761,Active,Y,"Discounts,Value Based Stackability Discounts",,,
9159606108013847096,Service Agreement on TELUS TV,40786761,Active,Y,"Discounts,Value Based Stackability Discounts",,,
9159997856013960074,Service Agreement on TELUS TV,40786761,Active,Y,"Discounts,Value Based Stackability Discounts",,,
9160003113513174753,Service Agreement on TELUS TV,40786761,Active,Y,"Discounts,Value Based Stackability Discounts",,,
9160004396413177347,Service Agreement on TELUS TV,40786761,Active,Y,Discounts,,,
9160005339513179703,Service Agreement on TELUS TV,40786761,Active,Y,"Discounts,Value Based Stackability Discounts",,,
9160005340313179781,Service Agreement on TELUS TV,40786761,Active,Y,"Discounts,Value Based Stackability Discounts",,,
9160005341013179905,Service Agreement on TELUS TV,40786761,Active,Y,"Discounts,Value Based Stackability Discounts",,,
9160007108313181668,Service Agreement on TELUS TV,40786761,Active,Y,"Discounts,Value Based Stackability Discounts",,,
9160008778713185468,Service Agreement on TELUS TV,40786761,Active,Y,"Discounts,Value Based Stackability Discounts",,,
9160132066213290528,Service Agreement on TELUS TV,40786761,Active,Y,"Discounts,Value Based Stackability Discounts",,,
9160132136213290735,Service Agreement on TELUS TV,40786761,Active,Y,"Discounts,Value Based Stackability Discounts",,,
9160481232013744982,Service Agreement on TELUS TV,40786761,Active,Y,Discounts,,,
9160489138413753288,Service Agreement on TELUS TV,40786761,Active,Y,Discounts,,,
9160740793513913127,Service Agreement on TELUS TV,40786761,Active,Y,Discounts,,,
9160756980013921961,Service Agreement on TELUS TV,40786761,Active,Y,Discounts,,,
9160757696113960800,Service Agreement on TELUS TV,40786761,Active,Y,Discounts,,,
9160758398113923978,Service Agreement on TELUS TV,40786761,Active,Y,"Discounts,Value Based Stackability Discounts",,,
9160758855913924406,Service Agreement on TELUS TV,40786761,Active,Y,"Discounts,Value Based Stackability Discounts",,,
9160760348513925483,Service Agreement on TELUS TV,40786761,Active,Y,"Discounts,Value Based Stackability Discounts",,,
9160760623013925851,Service Agreement on TELUS TV,40786761,Active,Y,"Discounts,Value Based Stackability Discounts",,,
9160778640613972179,Service Agreement on TELUS TV,40786761,Active,Y,Discounts,,,
9160783800713938480,Service Agreement on TELUS TV,40786761,Active,Y,Discounts,,,
9160790936213983513,Service Agreement on TELUS TV,40786761,Active,Y,Discounts,,,
9160793781213985518,Service Agreement on TELUS TV,40786761,Active,Y,"Discounts,Value Based Stackability Discounts",,,
9160793807913985767,Service Agreement on TELUS TV,40786761,Active,Y,"Discounts,Value Based Stackability Discounts",,,
9160795262713988820,Service Agreement on TELUS TV,40786761,Active,Y,Discounts,,,
9160795421013989040,Service Agreement on TELUS TV,40786761,Active,Y,Discounts,,,
9161290921613794857,Service Agreement on TELUS TV,40786761,Active,Y,Discounts,,,
9161327925313818809,Service Agreement on TELUS TV,40786761,Active,Y,"Discounts,Value Based Stackability Discounts",,,
9161344547513790880,Service Agreement on TELUS TV,40786761,Active,Y,"Discounts,Value Based Stackability Discounts",,,
9161940047213013962,Service Agreement on TELUS TV,40786761,Active,Y,Discounts,,,
9161940240813014696,Service Agreement on TELUS TV,40786761,Active,Y,Discounts,,,
9161940915813017135,Service Agreement on TELUS TV,40786761,Active,Y,Discounts,,,
9161941002913017238,Service Agreement on TELUS TV,40786761,Active,Y,"Discounts,Value Based Stackability Discounts",,,
9161941099013017764,Service Agreement on TELUS TV,40786761,Active,Y,"Discounts,Value Based Stackability Discounts",,,
9161942150113022914,Service Agreement on TELUS TV,40786761,Active,Y,Discounts,,,
9161949961966434555,Service Agreement on TELUS TV,40786761,Active,Y,Discounts,,,
9163030499237653776,Service Agreement on TELUS TV,40786761,Active,Y,Discounts,,,
9163030991225769051,Service Agreement on TELUS TV,40786761,Active,Y,Discounts,,,
9163031395801653785,Service Agreement on TELUS TV,40786761,Active,Y,Discounts,,,
9163045690469415162,Service Agreement on TELUS TV,40786761,Active,Y,Discounts,,,
9163135403190084660,Service Agreement on TELUS TV,40786761,Active,Y,Discounts,,,
9163135659177061363,Service Agreement on TELUS TV,40786761,Active,Y,Discounts,,,
9163144803358084738,Service Agreement on TELUS TV,40786761,Active,Y,Discounts,,,
9163279587523581231,Service Agreement on TELUS TV,40786761,Active,Y,Discounts,,,
9163340868003699844,Service Agreement on TELUS TV,40786761,Active,Y,Discounts,,,
9163685685887622520,Service Agreement on TELUS TV,40786761,Active,Y,Discounts,,,
9164921609947303451,Service Agreement on TELUS TV,40786761,Active,Y,Discounts,,,
9164930482046891011,Service Agreement on TELUS TV,40786761,Active,Y,Discounts,,,
9162961378188222564,SmartHome Security  Mass Offer - $200 One Time Credit (Tax Included),41178291,Active,N,[NULL],,,
9163530164804808684,SmartHome Security $100 One-Time Credit (Tax Included),41178071,Active,N,Discounts,,,
9163391832183517373,SmartHome Security $50 One-Time Credit,41178061,Active,N,Discounts,,,
9163575248523350216,SmartHome Security $50 One-Time Credit (Tax Included),41178061,Active,N,Discounts,,,
9164687819225619719,SmartHome Security $50 One-Time Credit (Tax Included),41178061,Active,N,Discounts,,,
9164714996125653916,SmartHome Security $50 One-Time Credit (Tax Included),41178061,Active,N,Discounts,,,
9164732464740653985,SmartHome Security $50 One-Time Credit (Tax Included),41178061,Active,N,Discounts,,,
9164845131032650101,SmartHome Security $50 One-Time Credit (Tax Included),41178061,Active,N,Discounts,,,
9163106686052578035,SmartHome Security & MyCare - $50 One Time Credt (Tax Included),41178061,Active,N,Discounts,,,
9163106709330081965,SmartHome Security & Tech Referral - $50 One Time Credt (Tax Included),41178061,Active,N,Discounts,,,
9164681263436203640,SmartHome Security - $50 One Time Credt (Tax Included),41178061,Active,N,Discounts,,,
9164930447491891002,SmartHome Security - $50 One Time Credt (Tax Included),41178061,Active,N,Discounts,,,
9163160896328151744,SmartHome Security Move One-Time Credit - $100,41178071,Active,N,Discounts,,,
9163160928915084756,SmartHome Security Move One-Time Credit - $150,41178281,Active,N,Discounts,,,
9164239218576077245,SmartHome Security: Receive a $50 One-Time Credit (Tax Included),41178061,Active,N,Discounts,,,
9163418195457203791,Switch promotion SmartHome Security - $200 Off Monitored plans  (One Time Credit),41178291,Active,N,Discounts,,,
9163444995750000385,Switch promotion SmartHome Security - $200 Off Monitored plans  (One Time Credit),41178291,Active,N,Discounts,,,
9164739851309855041,TELUS Partnered Optik â TV Essentials,41220041,Active,Y,"Discounts,MDU Optik Partnered Offer",,,
9161733520972268654,[EOM Test] Coupon - Merlin release night - One-Time Discount - M,40884101,Active,N,Discounts,,,
9160407039813932476,[EOM Test] TV Coupon - May 21 MR - Discount - M,40858481,Active,Y,Discounts,,,
9161011304513573902,[EOM Test] Test Coupon only - Discount 2 - Modified August release,40883941,Active,N,Discounts,,,
9159076222913145232,[UOM Test] Discount on TV,40858481,Active,Y,Discounts,,,
9164793039242235072,$2 off Unlimited US and Canada for 12 Months,41217061,Grandfathered,N,Discounts,,,
9162265729018768079,4K PVR Mid Contract Rental Credit $15,40678711,Grandfathered,Y,[NULL],,,
9153917903813349202,Boost Wi-Fi Starter Pack $120 One Time Purchase Credit - Assure agents only,40893531,Grandfathered,N,"Discounts,Non Self-stackable Promotions,All Other Discounts",,,
9160675422213633905,ITSS 3354-Service Agreement on High Speed,40786771,Grandfathered,N,Discounts,,,
9160675273713633376,ITSS 3354-Service Agreement on High Speed - FIFA,40786771,Grandfathered,N,Discounts,,,
9160675422113633759,ITSS 3354-Service Agreement on TELUS TV - FIFA,40786761,Grandfathered,Y,Discounts,,,
9164800303681882392,Loyalty Internet $50 Off One Time Credit for Activation Charge,40884101,Grandfathered,N,Discounts,,,
9161299922839665397,Mobile & Home Fiber Promotion - $150 Off Home Phone (One Time Credit),41003301,Grandfathered,N,[NULL],,,
9161299933685665401,Mobile & Home Fiber Promotion - $150 Off Optik TV (One Time Credit),41074741,Grandfathered,Y,[NULL],,,
9154283781913031958,Pik TV One Time Credit - $30,40902591,Grandfathered,Y,[NULL],,,
9152800240613765059,Pik TV VOD credit - $7,40873591,Grandfathered,Y,[NULL],,,
9156303605313190930,Retention 2.0: HP Credit 12 MO - $2,41076071,Grandfathered,N,"Discounts,Non Self-stackable Promotions,Retention,Value Based Stackability Discounts",,,
9156312806613953621,Retention 2.0: HP Credit 24 MO - $2,41076081,Grandfathered,N,"Discounts,Non Self-stackable Promotions,Retention,Value Based Stackability Discounts",,,
9155704390513943483,Retention 2.0: HP Credit 3 MO - $2,40981001,Grandfathered,N,"Discounts,Non Self-stackable Promotions,Retention,Value Based Stackability Discounts",,,
9155711180913950590,Retention 2.0: HP Credit 6 MO - $2,40981041,Grandfathered,N,"Discounts,Non Self-stackable Promotions,Retention,Value Based Stackability Discounts",,,
9162484784853804579,Retention 2.0: HP LD Credit 12 MO (V1) - $7.50,40900571,Grandfathered,N,[NULL],,,
9162484770396380083,Retention 2.0: HP LD Credit 12 MO (V1)- $15,40900601,Grandfathered,N,[NULL],,,
9155410044813141825,Retention 2.0: HP LD Credit 3 MO (LD Philippines 100) - $15,40900551,Grandfathered,N,"Discounts,Non Self-stackable Promotions,Retention,Value Based Stackability Discounts",,,
9155409449713141392,Retention 2.0: HP LD Credit 3 MO (LD Philippines 100) - $7.50,40900551,Grandfathered,N,"Discounts,Non Self-stackable Promotions,Retention,Value Based Stackability Discounts",,,
9162484767726380080,Retention 2.0: HP LD Credit 3 MO - $7.50,40833991,Grandfathered,N,[NULL],,,
9155409889413141715,Retention 2.0: HP LD Credit 6 MO (LD Philippines 100) - $15,40900591,Grandfathered,N,"Discounts,Non Self-stackable Promotions,Retention,Value Based Stackability Discounts",,,
9161224004613222775,Retention 2.0: HP LD Credit 6 MO (LD Philippines 100) - $15,40900591,Grandfathered,N,"Discounts,Non Self-stackable Promotions,Retention,Value Based Stackability Discounts",,,
9155409633113141499,Retention 2.0: HP LD Credit 6 MO (LD Philippines 100) - $7.50,40900561,Grandfathered,N,"Discounts,Non Self-stackable Promotions,Retention,Value Based Stackability Discounts",,,
9162484786136804580,Retention 2.0: HP LD Credit 6 MO (V1)- $15,40900591,Grandfathered,N,[NULL],,,
9155409879413141710,Retention 2.0: HP LD Credit Ongoing (LD Philippines 100) - $7.50,40900581,Grandfathered,N,"Discounts,Non Self-stackable Promotions,Retention,Value Based Stackability Discounts",,,
9162484765768380079,Retention 2.0: HP LD Credit Ongoing (V1) - $7.50,40900581,Grandfathered,N,[NULL],,,
9155410057813141830,Retention 2.0: HP LD Credit ongoing (LD Philippines 100) - $15,40900611,Grandfathered,N,"Discounts,Non Self-stackable Promotions,Retention,Value Based Stackability Discounts",,,
9162485610282737048,Retention 2.0: HP LD Credit ongoing (v1) - $15,40900611,Grandfathered,N,[NULL],,,
9162166160773176493,Retention 2.0: HP LD World 60 Credit 12 MO - $5,41134841,Grandfathered,N,[NULL],,,
9162166219397524032,Retention 2.0: HP LD World 60 Credit 24 MO - $5,41134041,Grandfathered,N,[NULL],,,
9162166278477524033,Retention 2.0: HS Credit 12 MO - $15,40761601,Grandfathered,N,[NULL],,,
9162166358734604418,Retention 2.0: HS Credit 12 MO - $20,40761721,Grandfathered,N,[NULL],,,
9162171155487176498,Retention 2.0: HS Credit 12 MO - $25,40761841,Grandfathered,N,[NULL],,,
9162171006152176497,Retention 2.0: HS Credit 12 MO - $30,40762051,Grandfathered,N,[NULL],,,
9162170888545524038,Retention 2.0: HS Credit 12 MO - $35,40762351,Grandfathered,N,[NULL],,,
9152222266513216902,Retention 2.0: HS Credit 15 MO - $10,40858491,Grandfathered,Y,Discounts,,,
9152222267013216906,Retention 2.0: HS Credit 15 MO - $20,40858491,Grandfathered,Y,Discounts,,,
9152222267013216910,Retention 2.0: HS Credit 15 MO - $30,40858491,Grandfathered,Y,Discounts,,,
9152222267013216914,Retention 2.0: HS Credit 15 MO - $35,40858491,Grandfathered,Y,Discounts,,,
9152222267013216918,Retention 2.0: HS Credit 15 MO - $5,40858491,Grandfathered,Y,Discounts,,,
9152222267013216922,Retention 2.0: HS Credit 18 MO - $10,40858501,Grandfathered,Y,Discounts,,,
9152222267013216926,Retention 2.0: HS Credit 18 MO - $20,40858501,Grandfathered,Y,Discounts,,,
9152222267113216930,Retention 2.0: HS Credit 18 MO - $30,40858501,Grandfathered,Y,Discounts,,,
9152222267113216934,Retention 2.0: HS Credit 18 MO - $35,40858501,Grandfathered,Y,Discounts,,,
9152222267113216938,Retention 2.0: HS Credit 18 MO - $5,40858501,Grandfathered,Y,"Discounts,Non Self-stackable Promotions,Retention,Value Based Stackability Discounts",,,
9152222267113216942,Retention 2.0: HS Credit 21 MO - $10,40858511,Grandfathered,N,Discounts,,,
9152222267113216946,Retention 2.0: HS Credit 21 MO - $20,40858511,Grandfathered,N,Discounts,,,
9152222267113216950,Retention 2.0: HS Credit 21 MO - $30,40858511,Grandfathered,N,Discounts,,,
9152222267113216954,Retention 2.0: HS Credit 21 MO - $35,40858511,Grandfathered,N,Discounts,,,
9152222267113216958,Retention 2.0: HS Credit 21 MO - $5,40858511,Grandfathered,N,Discounts,,,
9162128406697523965,Retention 2.0: HS Credit 24 MO - $10,40761451,Grandfathered,N,[NULL],,,
9162170792835604419,Retention 2.0: HS Credit 24 MO - $20,40775571,Grandfathered,N,[NULL],,,
9162171215088604421,Retention 2.0: HS Credit 24 MO - $5,40761321,Grandfathered,N,[NULL],,,
9162171636430176500,Retention 2.0: HS Credit 3 MO - $15,40761521,Grandfathered,N,[NULL],,,
9162172139353604423,Retention 2.0: HS Credit 3 MO - $25,40761761,Grandfathered,N,[NULL],,,
9162172161122176501,Retention 2.0: HS Credit 3 MO - $30,40761881,Grandfathered,N,[NULL],,,
9162173149865604424,Retention 2.0: HS Credit 3 MO - $35,40762151,Grandfathered,N,[NULL],,,
9162173155860524040,Retention 2.0: HS Credit 6 MO - $30,40761951,Grandfathered,N,[NULL],,,
9152222267113216962,Retention 2.0: HS Credit 9 MO - $10,40858481,Grandfathered,Y,Discounts,,,
9152222267113216966,Retention 2.0: HS Credit 9 MO - $20,40858481,Grandfathered,Y,Discounts,,,
9152222267113216970,Retention 2.0: HS Credit 9 MO - $30,40858481,Grandfathered,Y,Discounts,,,
9152222267113216974,Retention 2.0: HS Credit 9 MO - $35,40858481,Grandfathered,Y,Discounts,,,
9152222267113216978,Retention 2.0: HS Credit 9 MO - $5,40858481,Grandfathered,Y,Discounts,,,
9162182663638524066,Retention 2.0: Pik TV 24 MO Credit - $10,40867231,Grandfathered,Y,[NULL],,,
9162317870771320348,Retention 2.0: Pik TV 24 MO Credit - $10 (V2),41008081,Grandfathered,Y,[NULL],,,
9162182960064176506,Retention 2.0: Pik TV 24 MO Credit - $5,40875971,Grandfathered,Y,[NULL],,,
9162183177556604459,Retention 2.0: Pik TV 6 MO Credit - $5,40881751,Grandfathered,Y,[NULL],,,
9162232340719639223,Retention 2.0: TELUS Online Security Complete 12MO Credit - $5,41127281,Grandfathered,N,[NULL],,,
9162232370241637123,Retention 2.0: TELUS Online Security Complete 24MO Credit - $5,41127311,Grandfathered,N,[NULL],,,
9162232604602637124,Retention 2.0: TELUS Online Security Standard 12MO Credit - $4,41127271,Grandfathered,N,[NULL],,,
9162232782137639224,Retention 2.0: TELUS Online Security Standard 24MO Credit - $4,41127301,Grandfathered,N,[NULL],,,
9162232816891637125,Retention 2.0: TELUS Online Security Ultimate 24MO Credit - $10,41127321,Grandfathered,N,[NULL],,,
9162232936472639225,Retention 2.0: TTV Credit 12 MO - $30,40760931,Grandfathered,Y,[NULL],,,
9152222432213217102,Retention 2.0: TTV Credit 15 MO - $10,40858491,Grandfathered,Y,Discounts,,,
9152222433213217106,Retention 2.0: TTV Credit 15 MO - $5,40858491,Grandfathered,Y,Discounts,,,
9152222433213217110,Retention 2.0: TTV Credit 18 MO - $10,40858501,Grandfathered,Y,Discounts,,,
9152222433213217114,Retention 2.0: TTV Credit 18 MO - $5,40858501,Grandfathered,Y,Discounts,,,
9152222433213217118,Retention 2.0: TTV Credit 21 MO - $10,40858511,Grandfathered,N,Discounts,,,
9152222433213217122,Retention 2.0: TTV Credit 21 MO - $5,40858511,Grandfathered,N,Discounts,,,
9160752422913919210,Retention 2.0: TTV Credit 24 MO (term length) - $10,40833421,Grandfathered,Y,"Discounts,Value Based Stackability Discounts",,,
9162241461136637331,Retention 2.0: TTV Credit 24 MO (term length) - $10,40833421,Grandfathered,Y,[NULL],,,
9162320949211982013,Retention 2.0: TTV Credit 24 MO (term length) - $2,40833401,Grandfathered,Y,[NULL],,,
9160752517013919215,Retention 2.0: TTV Credit 24 MO (term length) - $5,40833411,Grandfathered,Y,"Discounts,Value Based Stackability Discounts",,,
9162241486767639357,Retention 2.0: TTV Credit 24 MO (term length) - $5,40833411,Grandfathered,Y,[NULL],,,
9160005339513179707,Retention 2.0: TTV Credit 24 MO - $10,40760871,Grandfathered,Y,Discounts,,,
9160005340313179776,Retention 2.0: TTV Credit 24 MO - $10,40760871,Grandfathered,Y,Discounts,,,
9160132066213290541,Retention 2.0: TTV Credit 24 MO - $10,40760871,Grandfathered,Y,Discounts,,,
9160132136213290750,Retention 2.0: TTV Credit 24 MO - $10,40760871,Grandfathered,Y,Discounts,,,
9162232988910637127,Retention 2.0: TTV Credit 24 MO - $10,40760871,Grandfathered,Y,[NULL],,,
9162241252962637326,Retention 2.0: TTV Credit 24 MO - $13,40865901,Grandfathered,Y,[NULL],,,
9162241261790639355,Retention 2.0: TTV Credit 24 MO - $20,40775691,Grandfathered,Y,[NULL],,,
9162241319441639356,Retention 2.0: TTV Credit 24 MO - $3,41133461,Grandfathered,Y,[NULL],,,
9160005340313179786,Retention 2.0: TTV Credit 24 MO - $5,40760821,Grandfathered,Y,Discounts,,,
9160005341013179876,Retention 2.0: TTV Credit 24 MO - $5,40760821,Grandfathered,Y,Discounts,,,
9162241421751637328,Retention 2.0: TTV Credit 24 MO - $5,40760821,Grandfathered,Y,[NULL],,,
9162241441863637329,Retention 2.0: TTV Credit 24 MO - $7,40865861,Grandfathered,Y,[NULL],,,
9162241510023637332,Retention 2.0: TTV Credit 3 MO - $10,40760831,Grandfathered,Y,[NULL],,,
9162241532532637333,Retention 2.0: TTV Credit 3 MO - $20,40760881,Grandfathered,Y,[NULL],,,
9162241549350637334,Retention 2.0: TTV Credit 3 MO - $30,40760911,Grandfathered,Y,[NULL],,,
9162241612047637335,Retention 2.0: TTV Credit 6 MO - $20,40760891,Grandfathered,Y,[NULL],,,
9152222433213217126,Retention 2.0: TTV Credit 9 MO - $10,40858481,Grandfathered,Y,Discounts,,,
9152222433213217130,Retention 2.0: TTV Credit 9 MO - $5,40858481,Grandfathered,Y,Discounts,,,
9162241644274639359,Retention 2.0: TTV Theme Pack P1.0 Credit 24 MO - $13,40833501,Grandfathered,Y,[NULL],,,
9162241679340637336,Retention 2.0: TTV Theme Pack P2.0 Credit 24 MO (Popular Sports),40882171,Grandfathered,Y,[NULL],,,
9162320098822982009,Retention 2.0: TTV Theme Pack P2.0 and P3.0 Credit 24 MO - $8,40833461,Grandfathered,Y,[NULL],,,
9162320099792982010,Retention 2.0: TTV Theme Pack P2.0 and P3.0 Credit 24 MO - $8 (V1),41118021,Grandfathered,Y,[NULL],,,
9153470497413288012,Save for 24 months promo,40760821,Grandfathered,Y,Value Based Stackability Discounts,,,
9153478355313293548,Save for 24 months promo,40760821,Grandfathered,Y,Value Based Stackability Discounts,,,
9153470300013287887,Save for 24 months promo,40760871,Grandfathered,Y,[NULL],,,
9153470455413288007,Save for 24 months promo,40760871,Grandfathered,Y,Value Based Stackability Discounts,,,
9153478226013293433,Save for 24 months promo,40760871,Grandfathered,Y,Value Based Stackability Discounts,,,
9153478307913293443,Save for 24 months promo,40760871,Grandfathered,Y,Value Based Stackability Discounts,,,
9156379487513076192,Save for 24 months promo,40760871,Grandfathered,Y,Discounts,,,
9156379764213076543,Save for 24 months promo,40760871,Grandfathered,Y,Discounts,,,
9153469766013287661,Save for 24 months promo,40761321,Grandfathered,N,"Discounts,Value Based Stackability Discounts",,,
9153469849413287671,Save for 24 months promo,40761321,Grandfathered,N,"Discounts,Value Based Stackability Discounts",,,
9153470399813288002,Save for 24 months promo,40761321,Grandfathered,N,Discounts,,,
9153470564813288022,Save for 24 months promo,40761321,Grandfathered,N,"Discounts,Value Based Stackability Discounts",,,
9153469723413287656,Save for 24 months promo,40761451,Grandfathered,N,"Discounts,Value Based Stackability Discounts",,,
9153469804413287666,Save for 24 months promo,40761451,Grandfathered,N,"Discounts,Value Based Stackability Discounts",,,
9153470324313287892,Save for 24 months promo,40761451,Grandfathered,N,Discounts,,,
9153470532213288017,Save for 24 months promo,40761451,Grandfathered,N,"Discounts,Value Based Stackability Discounts",,,
9156379487513076196,Save for 24 months promo,40761451,Grandfathered,N,Discounts,,,
9156379764213076547,Save for 24 months promo,40761451,Grandfathered,N,Discounts,,,
9159033666113378903,Service Agreement on HS,40786771,Grandfathered,N,"Discounts,Migration Service Agreements",,,
9159033882713379042,Service Agreement on HS,40786771,Grandfathered,N,"Discounts,Migration Service Agreements",,,
9159034013313379155,Service Agreement on HS,40786771,Grandfathered,N,"Discounts,Migration Service Agreements",,,
9150995295613501798,Service Agreement on High Speed,40786771,Grandfathered,N,Discounts,,,
9151228215313652321,Service Agreement on High Speed,40786771,Grandfathered,N,Discounts,,,
9160749291613917445,Service Agreement on High Speed,40786771,Grandfathered,N,Discounts,,,
9149675349313098013,Service Agreement on TELUS TV,40786761,Grandfathered,Y,"Discounts,Migration Service Agreements",,,
9150995295613502264,Service Agreement on TELUS TV,40786761,Grandfathered,Y,Discounts,,,
9151228215313652387,Service Agreement on TELUS TV,40786761,Grandfathered,Y,Discounts,,,
9159034270813379370,Service Agreement on TELUS TV,40786761,Grandfathered,Y,"Discounts,Migration Service Agreements",,,
9159034273213379375,Service Agreement on TELUS TV,40786761,Grandfathered,Y,"Discounts,Migration Service Agreements",,,
9159034275913379380,Service Agreement on TELUS TV,40786761,Grandfathered,Y,"Discounts,Migration Service Agreements",,,